Shenzhen_Bao'an_International_Airport isConnectedTo ?b,Xiamen_Gaoqi_International_Airport isConnectedTo ?b
?b isConnectedTo Jining_Qufu_Airport,Hangzhou_Xiaoshan_International_Airport isConnectedTo ?b
Yantai_Laishan_International_Airport isConnectedTo ?b,Xiamen_Gaoqi_International_Airport isConnectedTo ?b
Yiwu_Airport isConnectedTo ?b,Xi'an_Xianyang_International_Airport isConnectedTo ?b
French_Wars_of_Religion happenedIn ?a,?a participatedIn Nine_Years'_War
?a isConnectedTo Quanzhou_Jinjiang_Airport,?a isConnectedTo Yinchuan_Hedong_International_Airport
Jining_Qufu_Airport isConnectedTo ?a,?a isConnectedTo Yantai_Laishan_International_Airport
?a isLocatedIn Orange_County_(New_York),?a isLocatedIn Orange_County
?a http://www.w3.org/1999/02/22-rdf-syntax-ns#type wikicat_People_from_White_Plains,?a wasBornIn White_Plains
?a playsFor Hayes_&_Yeading_United_F.C.,?a isAffiliatedTo Hayes_&_Yeading_United_F.C.
Charles_VI_of_France hasChild ?a,?a http://www.w3.org/1999/02/22-rdf-syntax-ns#type wikicat_People_of_the_Hundred_Years'_War
?a playsFor Fujieda_MYFC,?a isAffiliatedTo Fujieda_MYFC
?b isConnectedTo Wuyishan_Airport,Hangzhou_Xiaoshan_International_Airport isConnectedTo ?b
?b isConnectedTo Yantai_Laishan_International_Airport,Xi'an_Xianyang_International_Airport isConnectedTo ?b
Shijiazhuang_Zhengding_International_Airport isConnectedTo ?a,?a isConnectedTo Jinan_Yaoqiang_International_Airport
?a isConnectedTo Jiamusi_Dongjiao_Airport,?a isConnectedTo Jinan_Yaoqiang_International_Airport
?c influences ?a   ?c hasGender ?b,?a hasGender ?b
McNeese_State_University http://www.w3.org/1999/02/22-rdf-syntax-ns#type ?b,Xavier_University_of_Louisiana http://www.w3.org/1999/02/22-rdf-syntax-ns#type ?b
?a isAffiliatedTo Indiana_Flooring,?a playsFor New_York_Nationals_(ASL)
Huai'an_Lianshui_Airport isConnectedTo ?b,Hangzhou_Xiaoshan_International_Airport isConnectedTo ?b
?b isConnectedTo Zhuhai_Jinwan_Airport,Xi'an_Xianyang_International_Airport isConnectedTo ?b
Huangshan_Tunxi_International_Airport isConnectedTo ?a,?a isConnectedTo Yinchuan_Hedong_International_Airport
Xining_Caojiabao_Airport isConnectedTo ?b,Xiamen_Gaoqi_International_Airport isConnectedTo ?b
?b isConnectedTo Macau_International_Airport,Hangzhou_Xiaoshan_International_Airport isConnectedTo ?b
?a hasWonPrize AFCA_Coach_of_the_Year,?a hasWonPrize Bobby_Dodd_Coach_of_the_Year_Award
Saint_Mary's_University_(Halifax) http://www.w3.org/1999/02/22-rdf-syntax-ns#type ?b,St._Francis_Xavier_University http://www.w3.org/1999/02/22-rdf-syntax-ns#type ?b
?a isAffiliatedTo Yugoslavia_national_football_team,?a playsFor Yugoslavia_national_football_team
Nanyang_Jiangying_Airport isConnectedTo ?b,Hangzhou_Xiaoshan_International_Airport isConnectedTo ?b
?b isConnectedTo Mianyang_Nanjiao_Airport,Xi'an_Xianyang_International_Airport isConnectedTo ?b
Kalibo_International_Airport isConnectedTo ?b,Xi'an_Xianyang_International_Airport isConnectedTo ?b
?a isAffiliatedTo ?b,?a playsFor ?b
?a isConnectedTo Qiqihar_Sanjiazi_Airport,?a isConnectedTo Yanji_Chaoyangchuan_Airport
Fairborn isLocatedIn _Ohio,Xenia isLocatedIn _Ohio
?a isConnectedTo Ordos_Ejin_Horo_Airport,?a isConnectedTo Jinan_Yaoqiang_International_Airport
?a playsFor Yalovaspor,?a isAffiliatedTo Yalovaspor
?a actedIn Carry_On_Again_Doctor,?a actedIn Carry_On_at_Your_Convenience
?a http://www.w3.org/1999/02/22-rdf-syntax-ns#type wikicat_Male_actors_from_Rochester,?a wasBornIn Rochester
?a isAffiliatedTo Yokohama_F._Marinos,?a playsFor Yokohama_F._Marinos
?a playsFor Montedio_Yamagata,?a isAffiliatedTo Montedio_Yamagata
?b isConnectedTo Yichang_Sanxia_Airport,Xi'an_Xianyang_International_Airport isConnectedTo ?b
Granit_Xhaka playsFor ?b,Granit_Xhaka isAffiliatedTo ?b
Zunyi_Xinzhou_Airport isConnectedTo ?a,?a isConnectedTo Jinan_Yaoqiang_International_Airport
Jiamusi_Dongjiao_Airport isConnectedTo ?b,Xiamen_Gaoqi_International_Airport isConnectedTo ?b
Huang_Bowen playsFor ?b,Feng_Xiaoting playsFor ?b
?a playsFor FC_Shinnik_Yaroslavl,?a isAffiliatedTo FC_Shinnik_Yaroslavl
?b isConnectedTo Taiyuan_Wusu_International_Airport,Xi'an_Xianyang_International_Airport isConnectedTo ?b
?a playsFor North_York_Rockets,?a isAffiliatedTo North_York_Rockets
?b isConnectedTo Datong_Yungang_Airport,Xining_Caojiabao_Airport isConnectedTo ?b
Yellow_Springs isLocatedIn _Ohio,Xenia isLocatedIn _Ohio
?b isConnectedTo Dunhuang_Airport,Xiamen_Gaoqi_International_Airport isConnectedTo ?b
?a hasNeighbor ?c   ?c isLocatedIn ?b,?a isLocatedIn ?b
Sokol_Maliqi http://www.w3.org/1999/02/22-rdf-syntax-ns#type ?b,Xherdan_Shaqiri http://www.w3.org/1999/02/22-rdf-syntax-ns#type ?b
?a isConnectedTo Grozny_Airport,?a isConnectedTo Yemelyanovo_International_Airport
?b isConnectedTo Datong_Yungang_Airport,Xiamen_Gaoqi_International_Airport isConnectedTo ?b
?a isAffiliatedTo Seattle_Mariners,?a isAffiliatedTo New_York_Yankees
Hohhot_Baita_International_Airport isConnectedTo ?b,Hangzhou_Xiaoshan_International_Airport isConnectedTo ?b
?b isConnectedTo Lijiang_Sanyi_Airport,Hangzhou_Xiaoshan_International_Airport isConnectedTo ?b
?a hasWonPrize Walter_Camp_Coach_of_the_Year_Award,?a hasWonPrize Sporting_News_College_Football_Coach_of_the_Year
Xavier_Chen isAffiliatedTo ?b,Xavier_Chen playsFor ?b
Li_Jinai http://www.w3.org/1999/02/22-rdf-syntax-ns#type ?b,Feng_Xiaoting http://www.w3.org/1999/02/22-rdf-syntax-ns#type ?b
Zhanjiang_Airport isConnectedTo ?b,Xuzhou_Guanyin_Airport isConnectedTo ?b
?a isLocatedIn Westchester_County,?a isLocatedIn New_York_metropolitan_area
?c livesIn ?a   ?c isPoliticianOf ?b,?a isLocatedIn ?b
Fjodor_Xhafa isAffiliatedTo ?b,Fjodor_Xhafa playsFor ?b
Lionel_Richie http://www.w3.org/1999/02/22-rdf-syntax-ns#type ?b,Xander_Berkeley http://www.w3.org/1999/02/22-rdf-syntax-ns#type ?b
New_York_City isLocatedIn ?a,?a isLocatedIn New_York_City
?a isConnectedTo Yangzhou_Taizhou_Airport,?a isConnectedTo Yuncheng_Guangong_Airport
Nanjing_Lukou_International_Airport isConnectedTo ?b,Zhengzhou_Xinzheng_International_Airport isConnectedTo ?b
Yichang_Sanxia_Airport isConnectedTo ?b,Zhengzhou_Xinzheng_International_Airport isConnectedTo ?b
?a isAffiliatedTo Indiana_Flooring,?a isAffiliatedTo New_York_Nationals_(ASL)
?a dealsWith Libya,?a participatedIn Yom_Kippur_War
?b isConnectedTo Macau_International_Airport,Xiamen_Gaoqi_International_Airport isConnectedTo ?b
?a http://www.w3.org/1999/02/22-rdf-syntax-ns#type wikicat_People_from_Roslyn,?a http://www.w3.org/1999/02/22-rdf-syntax-ns#type wikicat_People_from_Old_Westbury
?b isConnectedTo Fuzhou_Changle_International_Airport,Xi'an_Xianyang_International_Airport isConnectedTo ?b
?a hasWonPrize Bobby_Dodd_Coach_of_the_Year_Award,?a hasWonPrize AFCA_Coach_of_the_Year
?b isConnectedTo Haikou_Meilan_International_Airport,Xi'an_Xianyang_International_Airport isConnectedTo ?b
?a http://www.w3.org/1999/02/22-rdf-syntax-ns#type wikicat_People_from_Mineola,?a wasBornIn Mineola
Sunan_Shuofang_International_Airport isConnectedTo ?b,Xi'an_Xianyang_International_Airport isConnectedTo ?b
?c hasChild ?a   ?c isPoliticianOf ?b,?a isPoliticianOf ?b
Nanchang_Changbei_International_Airport isConnectedTo ?b,Zhengzhou_Xinzheng_International_Airport isConnectedTo ?b
?b isConnectedTo Lijiang_Sanyi_Airport,Xiamen_Gaoqi_International_Airport isConnectedTo ?b
Changsha_Huanghua_International_Airport isConnectedTo ?b,Xiamen_Gaoqi_International_Airport isConnectedTo ?b
?a isConnectedTo Zhuhai_Jinwan_Airport,?a isConnectedTo Yinchuan_Hedong_International_Airport
Ningbo_Lishe_International_Airport isConnectedTo ?b,Xi'an_Xianyang_International_Airport isConnectedTo ?b
?a isConnectedTo Xiangyang_Liuji_Airport,?a isConnectedTo Jinan_Yaoqiang_International_Airport
Xabier_Etxeita isAffiliatedTo ?b,Xabier_Etxeita playsFor ?b
?b isConnectedTo Lhasa_Gonggar_Airport,Xiamen_Gaoqi_International_Airport isConnectedTo ?b
?a participatedIn Battle_of_the_Lys_(1918),?a participatedIn Fifth_Battle_of_Ypres
?a actedIn Springtime_with_Roo,?a actedIn A_Very_Merry_Pooh_Year
?a isConnectedTo Linyi_Shubuling_Airport,?a isConnectedTo Jinan_Yaoqiang_International_Airport
?b isConnectedTo Wenzhou_Longwan_International_Airport,Hangzhou_Xiaoshan_International_Airport isConnectedTo ?b
George_Joulwan hasWonPrize ?b,Paul_X._Kelley hasWonPrize ?b
?a isConnectedTo Guilin_Liangjiang_International_Airport,?a isConnectedTo Yinchuan_Hedong_International_Airport
?b isConnectedTo Lijiang_Sanyi_Airport,Zhengzhou_Xinzheng_International_Airport isConnectedTo ?b
Lhasa_Gonggar_Airport isConnectedTo ?b,Zhengzhou_Xinzheng_International_Airport isConnectedTo ?b
?b isConnectedTo Chifeng_Yulong_Airport,Zhengzhou_Xinzheng_International_Airport isConnectedTo ?b
Shijiazhuang_Zhengding_International_Airport isConnectedTo ?b,Hangzhou_Xiaoshan_International_Airport isConnectedTo ?b
Tengchong_Tuofeng_Airport isConnectedTo ?b,Xuzhou_Guanyin_Airport isConnectedTo ?b
Beijing_Nanyuan_Airport isConnectedTo ?b,Xi'an_Xianyang_International_Airport isConnectedTo ?b
Nanchang_Changbei_International_Airport isConnectedTo ?a,?a isConnectedTo Jinan_Yaoqiang_International_Airport
?b isConnectedTo Lhasa_Gonggar_Airport,Zhengzhou_Xinzheng_International_Airport isConnectedTo ?b
?b isConnectedTo Xi'an_Xianyang_International_Airport,Xiamen_Gaoqi_International_Airport isConnectedTo ?b
?a isConnectedTo Weifang_Airport,?a isConnectedTo Yanji_Chaoyangchuan_Airport
Jinan_Yaoqiang_International_Airport isConnectedTo ?b,Hefei_Xinqiao_International_Airport isConnectedTo ?b
?b isConnectedTo Changsha_Huanghua_International_Airport,Zhengzhou_Xinzheng_International_Airport isConnectedTo ?b
Linyi_Shubuling_Airport isConnectedTo ?a,?a isConnectedTo Jinan_Yaoqiang_International_Airport
Nantong_Xingdong_Airport isConnectedTo ?b,Hangzhou_Xiaoshan_International_Airport isConnectedTo ?b
?b isConnectedTo Nanning_Wuxu_International_Airport,Xiamen_Gaoqi_International_Airport isConnectedTo ?b
Lhasa_Gonggar_Airport isConnectedTo ?b,Xiamen_Gaoqi_International_Airport isConnectedTo ?b
?a isAffiliatedTo Yokohama_FC_Hong_Kong,?a playsFor Yokohama_FC_Hong_Kong
?a http://www.w3.org/1999/02/22-rdf-syntax-ns#type wikicat_Universities_and_colleges_in_New_York_City,?a isLocatedIn New_York_City
?a playsFor Al_Yarmouk_Kuwait,?a isAffiliatedTo Al_Yarmouk_Kuwait
?b isConnectedTo Qingdao_Liuting_International_Airport,Xiamen_Gaoqi_International_Airport isConnectedTo ?b
John_Carroll_University http://www.w3.org/1999/02/22-rdf-syntax-ns#type ?b,Xavier_University http://www.w3.org/1999/02/22-rdf-syntax-ns#type ?b
?c hasAcademicAdvisor ?a   ?c hasGender ?b,?a hasGender ?b
?a participatedIn Hundred_Years'_War,?a participatedIn Nine_Years'_War
?b isConnectedTo Dalian_Zhoushuizi_International_Airport,Xi'an_Xianyang_International_Airport isConnectedTo ?b
Hui_Jiakang isAffiliatedTo ?b,Zhang_Xiaorui isAffiliatedTo ?b
Huangshan_Tunxi_International_Airport isConnectedTo ?b,Hefei_Xinqiao_International_Airport isConnectedTo ?b
?b isConnectedTo Yiwu_Airport,Hefei_Xinqiao_International_Airport isConnectedTo ?b
?a actedIn July_Days_(film),?a actedIn Giants_vs._Yanks
Xingyi_Wanfenglin_Airport isConnectedTo ?b,Zhengzhou_Xinzheng_International_Airport isConnectedTo ?b
Tianjin_Binhai_International_Airport isConnectedTo ?b,Xiamen_Gaoqi_International_Airport isConnectedTo ?b
The_Master_Key_(1945_serial) http://www.w3.org/1999/02/22-rdf-syntax-ns#type ?b,Secret_Agent_X-9_(1945_serial) http://www.w3.org/1999/02/22-rdf-syntax-ns#type ?b
Ordos_Ejin_Horo_Airport isConnectedTo ?b,Hangzhou_Xiaoshan_International_Airport isConnectedTo ?b
?a playsFor FC_Ararat_Yerevan,?a isAffiliatedTo FC_Ararat_Yerevan
Lanzhou_Zhongchuan_Airport isConnectedTo ?b,Xi'an_Xianyang_International_Airport isConnectedTo ?b
Huangshan_Tunxi_International_Airport isConnectedTo ?a,?a isConnectedTo Jinan_Yaoqiang_International_Airport
?a isLocatedIn Manhattan,?a isLocatedIn New_York_City
?b isConnectedTo Manzhouli_Xijiao_Airport,Manzhouli_Xijiao_Airport isConnectedTo ?b
Yibin_Caiba_Airport isConnectedTo ?a,?a isConnectedTo Yibin_Caiba_Airport
?a isConnectedTo Taiyuan_Wusu_International_Airport,?a isConnectedTo Yinchuan_Hedong_International_Airport
Shijiazhuang_Zhengding_International_Airport isConnectedTo ?b,Xi'an_Xianyang_International_Airport isConnectedTo ?b
Handan_Airport isConnectedTo ?b,Xining_Caojiabao_Airport isConnectedTo ?b
Yichun_Lindu_Airport isConnectedTo ?a,?a isConnectedTo Yichun_Lindu_Airport
Qingdao_Liuting_International_Airport isConnectedTo ?b,Xi'an_Xianyang_International_Airport isConnectedTo ?b
?b isConnectedTo Yichang_Sanxia_Airport,Xiamen_Gaoqi_International_Airport isConnectedTo ?b
?a isConnectedTo Taipei_Songshan_Airport,?a isConnectedTo Yinchuan_Hedong_International_Airport
?a actedIn The_Big_Show_(1923_film),?a actedIn Young_Sherlocks
Haikou_Meilan_International_Airport isConnectedTo ?b,Zhengzhou_Xinzheng_International_Airport isConnectedTo ?b
Wuhan_Tianhe_International_Airport isConnectedTo ?b,Xiamen_Gaoqi_International_Airport isConnectedTo ?b
?b isConnectedTo Chongqing_Jiangbei_International_Airport,Hangzhou_Xiaoshan_International_Airport isConnectedTo ?b
?a isConnectedTo Jining_Qufu_Airport,?a isConnectedTo Yiwu_Airport
?a actedIn Saps_at_Sea,?a actedIn Pack_Up_Your_Troubles
?a isConnectedTo Ulanhot_Airport,?a isConnectedTo Jinan_Yaoqiang_International_Airport
?a hasWonPrize Associated_Press_College_Football_Coach_of_the_Year_Award,?a hasWonPrize Bobby_Dodd_Coach_of_the_Year_Award
?a isAffiliatedTo FC_Ararat_Yerevan,?a playsFor FC_Ararat_Yerevan
Xining_Caojiabao_Airport isConnectedTo ?a,?a isConnectedTo Yinchuan_Hedong_International_Airport
?b isConnectedTo Yulin_Yuyang_Airport,Hangzhou_Xiaoshan_International_Airport isConnectedTo ?b
?a isConnectedTo Baotou_Erliban_Airport,?a isConnectedTo Jinan_Yaoqiang_International_Airport
?a isConnectedTo Xining_Caojiabao_Airport,?a isConnectedTo Yinchuan_Hedong_International_Airport
?a playsFor FC_Mostovik-Primorye_Ussuriysk,?a playsFor FC_Sakhalin_Yuzhno-Sakhalinsk
Wang_Xiao playsFor ?b,Wang_Xinxin isAffiliatedTo ?b
Baotou_Erliban_Airport isConnectedTo ?b,Xi'an_Xianyang_International_Airport isConnectedTo ?b
?b isConnectedTo Nanjing_Lukou_International_Airport,Xi'an_Xianyang_International_Airport isConnectedTo ?b
?a playsFor Yokohama_FC,?a isAffiliatedTo Yokohama_FC
?b isConnectedTo Xiamen_Gaoqi_International_Airport,Xi'an_Xianyang_International_Airport isConnectedTo ?b
?a isAffiliatedTo Yeading_F.C.,?a playsFor Yeading_F.C.
?b isConnectedTo Yibin_Caiba_Airport,Zhengzhou_Xinzheng_International_Airport isConnectedTo ?b
?b isConnectedTo Taizhou_Luqiao_Airport,Hangzhou_Xiaoshan_International_Airport isConnectedTo ?b
?b isConnectedTo Jinan_Yaoqiang_International_Airport,Hangzhou_Xiaoshan_International_Airport isConnectedTo ?b
?a participatedIn Operation_Varsity,?a participatedIn NATO_bombing_of_Yugoslavia
Mudanjiang_Hailang_Airport isConnectedTo ?b,Xining_Caojiabao_Airport isConnectedTo ?b
?b isConnectedTo Yanji_Chaoyangchuan_Airport,Xiamen_Gaoqi_International_Airport isConnectedTo ?b
?b isConnectedTo Jiuzhai_Huanglong_Airport,Hangzhou_Xiaoshan_International_Airport isConnectedTo ?b
?b isConnectedTo Nanchang_Changbei_International_Airport,Hangzhou_Xiaoshan_International_Airport isConnectedTo ?b
Guilin_Liangjiang_International_Airport isConnectedTo ?b,Xi'an_Xianyang_International_Airport isConnectedTo ?b
?b isConnectedTo Changzhi_Wangcun_Airport,Xiangyang_Liuji_Airport isConnectedTo ?b
Taiyuan_Wusu_International_Airport isConnectedTo ?b,Hangzhou_Xiaoshan_International_Airport isConnectedTo ?b
?a playsFor Yverdon-Sport_FC,?a isAffiliatedTo Yverdon-Sport_FC
Changbaishan_Airport isConnectedTo ?a,?a isConnectedTo Yantai_Laishan_International_Airport
Xherdan_Shaqiri playsFor ?b,Granit_Xhaka playsFor ?b
University_of_Louisiana_at_Monroe http://www.w3.org/1999/02/22-rdf-syntax-ns#type ?b,Xavier_University_of_Louisiana http://www.w3.org/1999/02/22-rdf-syntax-ns#type ?b
Yichang_Sanxia_Airport isConnectedTo ?a,?a isConnectedTo Yinchuan_Hedong_International_Airport
?a isConnectedTo Yinchuan_Hedong_International_Airport,?a isConnectedTo Jinan_Yaoqiang_International_Airport
Luzhou_Lantian_Airport isConnectedTo ?a,?a isConnectedTo Yinchuan_Hedong_International_Airport
Changzhou_Benniu_Airport isConnectedTo ?a,?a isConnectedTo Yinchuan_Hedong_International_Airport
?a playsFor North_York_Astros,?a isAffiliatedTo North_York_Astros
?b isConnectedTo Nanchang_Changbei_International_Airport,Xiamen_Gaoqi_International_Airport isConnectedTo ?b
?a playsFor Makuru_FC,?a isAffiliatedTo YoungHeart_Manawatu
?a http://www.w3.org/1999/02/22-rdf-syntax-ns#type wikicat_People_from_Gabrovo,?a isAffiliatedTo FC_Yantra
Wuhai_Airport isConnectedTo ?b,Xi'an_Xianyang_International_Airport isConnectedTo ?b
?a isConnectedTo Dali_Airport,?a isConnectedTo Yichang_Sanxia_Airport
Willian_Xavier_Barbosa isAffiliatedTo ?b,Willian_Xavier_Barbosa playsFor ?b
Weifang_Airport isConnectedTo ?b,Hefei_Xinqiao_International_Airport isConnectedTo ?b
?a isAffiliatedTo FC_Shinnik_Yaroslavl,?a playsFor FC_Shinnik_Yaroslavl
Jiuzhai_Huanglong_Airport isConnectedTo ?a,?a isConnectedTo Yantai_Laishan_International_Airport
Kaohsiung_International_Airport isConnectedTo ?b,Hangzhou_Xiaoshan_International_Airport isConnectedTo ?b
?b isConnectedTo Shijiazhuang_Zhengding_International_Airport,Xi'an_Xianyang_International_Airport isConnectedTo ?b
?a playsFor FC_Yantra,?a isAffiliatedTo FC_Yantra
Handan_Airport isConnectedTo ?b,Hefei_Xinqiao_International_Airport isConnectedTo ?b
?a influences Dave_Eggers,?a http://www.w3.org/1999/02/22-rdf-syntax-ns#type wikicat_The_New_Yorker_people
Johnnie_To directed ?a,?a http://www.w3.org/1999/02/22-rdf-syntax-ns#type wikicat_Films_with_screenplays_by_Yau_Nai-hoi
?b isConnectedTo Quanzhou_Jinjiang_Airport,Hangzhou_Xiaoshan_International_Airport isConnectedTo ?b
?a isAffiliatedTo SC_Young_Fellows_Juventus,?a playsFor SC_Young_Fellows_Juventus
Beihai_Fucheng_Airport isConnectedTo ?a,?a isConnectedTo Jinan_Yaoqiang_International_Airport
?b isConnectedTo Jinan_Yaoqiang_International_Airport,Zhengzhou_Xinzheng_International_Airport isConnectedTo ?b
Yuncheng_Guangong_Airport isConnectedTo ?b,Hefei_Xinqiao_International_Airport isConnectedTo ?b
Taiyuan_Wusu_International_Airport isConnectedTo ?b,Xi'an_Xianyang_International_Airport isConnectedTo ?b
?b isConnectedTo Linyi_Shubuling_Airport,Hefei_Xinqiao_International_Airport isConnectedTo ?b
Taulant_Xhaka isAffiliatedTo ?b,Taulant_Xhaka playsFor ?b
?a isConnectedTo Beihai_Fucheng_Airport,?a isConnectedTo Yantai_Laishan_International_Airport
?b isConnectedTo Taizhou_Luqiao_Airport,Hefei_Xinqiao_International_Airport isConnectedTo ?b
Changzhi_Wangcun_Airport isConnectedTo ?b,Xiangyang_Liuji_Airport isConnectedTo ?b
?a isConnectedTo Taizhou_Luqiao_Airport,?a isConnectedTo Jinan_Yaoqiang_International_Airport
Guiyang_Longdongbao_International_Airport isConnectedTo ?b,Xiamen_Gaoqi_International_Airport isConnectedTo ?b
Zhoushan_Putuoshan_Airport isConnectedTo ?b,Hefei_Xinqiao_International_Airport isConnectedTo ?b
Zhuhai_Jinwan_Airport isConnectedTo ?b,Zhengzhou_Xinzheng_International_Airport isConnectedTo ?b
Quanzhou_Jinjiang_Airport isConnectedTo ?b,Hangzhou_Xiaoshan_International_Airport isConnectedTo ?b
?a influences James_Otteson,?a influences Atilla_Yayla
Garry_Marshall http://www.w3.org/1999/02/22-rdf-syntax-ns#type ?b,Xander_Berkeley http://www.w3.org/1999/02/22-rdf-syntax-ns#type ?b
?a isLocatedIn Queens,?a isLocatedIn New_York_City
?b isConnectedTo Zhoushan_Putuoshan_Airport,Xiamen_Gaoqi_International_Airport isConnectedTo ?b
?a actedIn The_Cobbler_(1923_film),?a actedIn Young_Sherlocks
?b isConnectedTo Jieyang_Chaoshan_International_Airport,Xi'an_Xianyang_International_Airport isConnectedTo ?b
Yuncheng_Guangong_Airport isConnectedTo ?a,?a isConnectedTo Yinchuan_Hedong_International_Airport
?a http://www.w3.org/1999/02/22-rdf-syntax-ns#type wikicat_Films_directed_by_Johnnie_To,?a http://www.w3.org/1999/02/22-rdf-syntax-ns#type wikicat_Films_with_screenplays_by_Yau_Nai-hoi
?b isConnectedTo Tengchong_Tuofeng_Airport,Zunyi_Xinzhou_Airport isConnectedTo ?b
?a isAffiliatedTo Yokohama_F.C.,?a playsFor Yokohama_FC
?a http://www.w3.org/1999/02/22-rdf-syntax-ns#type wikicat_Actors_from_Mount_Vernon,?a wasBornIn Mount_Vernon
Nanjing_Lukou_International_Airport isConnectedTo ?b,Xi'an_Xianyang_International_Airport isConnectedTo ?b
Jeju_International_Airport isConnectedTo ?b,Xiamen_Gaoqi_International_Airport isConnectedTo ?b
?b isConnectedTo Hefei_Xinqiao_International_Airport,Xi'an_Xianyang_International_Airport isConnectedTo ?b
?a isConnectedTo Sampit_Airport,?a isConnectedTo Achmad_Yani_International_Airport
?b isConnectedTo Guilin_Liangjiang_International_Airport,Xiamen_Gaoqi_International_Airport isConnectedTo ?b
Datong_Yungang_Airport isConnectedTo ?a,?a isConnectedTo Yinchuan_Hedong_International_Airport
?b isConnectedTo Xiangyang_Liuji_Airport,Xiangyang_Liuji_Airport isConnectedTo ?b
?b isConnectedTo Ordos_Ejin_Horo_Airport,Xiamen_Gaoqi_International_Airport isConnectedTo ?b
Xhevair_Kapllani isAffiliatedTo ?b,Xhevair_Kapllani playsFor ?b
?a isAffiliatedTo Western_New_York_Flash,?a playsFor Western_New_York_Flash
?b isConnectedTo Yancheng_Nanyang_Airport,Hangzhou_Xiaoshan_International_Airport isConnectedTo ?b
?b isConnectedTo Haikou_Meilan_International_Airport,Zhengzhou_Xinzheng_International_Airport isConnectedTo ?b
?a playsFor Dawu_Youngstars,?a isAffiliatedTo Dawu_Youngstars
?b isConnectedTo Liuzhou_Bailian_Airport,Zhengzhou_Xinzheng_International_Airport isConnectedTo ?b
?b isConnectedTo Yuncheng_Guangong_Airport,Xining_Caojiabao_Airport isConnectedTo ?b
?a isAffiliatedTo Yugoslavia_national_under-20_football_team,?a playsFor Yugoslavia_national_under-20_football_team
?a isConnectedTo Shijiazhuang_Zhengding_International_Airport,?a isConnectedTo Jinan_Yaoqiang_International_Airport
?a hasChild John_of_Lancaster,?a http://www.w3.org/1999/02/22-rdf-syntax-ns#type wikicat_People_of_the_Hundred_Years'_War
Kadala_Airport isConnectedTo ?a,?a isConnectedTo Yemelyanovo_International_Airport
Sanya_Phoenix_International_Airport isConnectedTo ?b,Hangzhou_Xiaoshan_International_Airport isConnectedTo ?b
?b isConnectedTo Shijiazhuang_Zhengding_International_Airport,Hangzhou_Xiaoshan_International_Airport isConnectedTo ?b
?b isConnectedTo Lhasa_Gonggar_Airport,Xining_Caojiabao_Airport isConnectedTo ?b
?a isAffiliatedTo New_York_Cosmos,?a playsFor New_York_Cosmos
?b isConnectedTo Nanning_Wuxu_International_Airport,Hangzhou_Xiaoshan_International_Airport isConnectedTo ?b
?b isConnectedTo Yancheng_Nanyang_Airport,Zhengzhou_Xinzheng_International_Airport isConnectedTo ?b
?b isConnectedTo Zhuhai_Jinwan_Airport,Xiamen_Gaoqi_International_Airport isConnectedTo ?b
?b isConnectedTo Huai'an_Lianshui_Airport,Hefei_Xinqiao_International_Airport isConnectedTo ?b
?a playsFor Indiana_Flooring,?a playsFor New_York_Nationals_(ASL)
?b isConnectedTo Kashgar_Airport,Xiangyang_Liuji_Airport isConnectedTo ?b
?a playsFor SC_Young_Fellows_Juventus,?a isAffiliatedTo SC_Young_Fellows_Juventus
X-Men_(film) http://www.w3.org/1999/02/22-rdf-syntax-ns#type ?b,X2_(film) http://www.w3.org/1999/02/22-rdf-syntax-ns#type ?b
Gregg_Berhalter http://www.w3.org/1999/02/22-rdf-syntax-ns#type ?b,David_X._Cohen http://www.w3.org/1999/02/22-rdf-syntax-ns#type ?b
Lianyungang_Baitabu_Airport isConnectedTo ?b,Xi'an_Xianyang_International_Airport isConnectedTo ?b
Sham_Kwok_Fai playsFor ?b,Xu_Deshuai playsFor ?b
?a isAffiliatedTo LionsXII,?a isAffiliatedTo Courts_Young_Lions
?a hasWonPrize Associated_Press_College_Football_Coach_of_the_Year_Award,?a hasWonPrize Sporting_News_College_Football_Coach_of_the_Year
Wuyishan_Airport isConnectedTo ?b,Hangzhou_Xiaoshan_International_Airport isConnectedTo ?b
Ergys_Sorra isAffiliatedTo ?b,Erion_Xhafa playsFor ?b
?b isConnectedTo Sanya_Phoenix_International_Airport,Xiamen_Gaoqi_International_Airport isConnectedTo ?b
?b isConnectedTo Hulunbuir_Hailar_Airport,Xi'an_Xianyang_International_Airport isConnectedTo ?b
?b isConnectedTo Lianyungang_Baitabu_Airport,Zhengzhou_Xinzheng_International_Airport isConnectedTo ?b
Jinggangshan_Airport isConnectedTo ?a,?a isConnectedTo Jinan_Yaoqiang_International_Airport
Yinchuan_Hedong_International_Airport isConnectedTo ?b,Xiamen_Gaoqi_International_Airport isConnectedTo ?b
?a isAffiliatedTo Matsumoto_Yamaga_FC,?a playsFor Matsumoto_Yamaga_FC
?b isConnectedTo Zhangjiajie_Hehua_Airport,Xining_Caojiabao_Airport isConnectedTo ?b
?a isConnectedTo Yulin_Yuyang_Airport,?a isConnectedTo Yinchuan_Hedong_International_Airport
?a actedIn Carry_On_Matron,?a actedIn Carry_On_at_Your_Convenience
?a wasBornIn Mineola,?a http://www.w3.org/1999/02/22-rdf-syntax-ns#type wikicat_People_from_Mineola
?c hasNeighbor ?a   ?c isLocatedIn ?b,?a isLocatedIn ?b
Xisco_(footballer_born_1980) isAffiliatedTo ?b,Xisco_(footballer_born_1980) playsFor ?b
Zhuhai_Jinwan_Airport isConnectedTo ?b,Xiamen_Gaoqi_International_Airport isConnectedTo ?b
?a participatedIn Battle_of_Warburg,?a participatedIn Seven_Years'_War
?a playsFor Atromitos_Yeroskipou,?a isAffiliatedTo Atromitos_Yeroskipou
Naypyidaw_Airport isConnectedTo ?a,?a isConnectedTo Yangon_International_Airport
Wuhan_Tianhe_International_Airport isConnectedTo ?b,Hangzhou_Xiaoshan_International_Airport isConnectedTo ?b
?b isConnectedTo Wenzhou_Longwan_International_Airport,Xiamen_Gaoqi_International_Airport isConnectedTo ?b
?b isConnectedTo Xi'an_Xianyang_International_Airport,Xi'an_Xianyang_International_Airport isConnectedTo ?b
?b isConnectedTo Shenzhen_Bao'an_International_Airport,Xiamen_Gaoqi_International_Airport isConnectedTo ?b
Zhijiang_Airport isConnectedTo ?b,Xuzhou_Guanyin_Airport isConnectedTo ?b
?b isConnectedTo Tianjin_Binhai_International_Airport,Hangzhou_Xiaoshan_International_Airport isConnectedTo ?b
?b isConnectedTo Lianyungang_Baitabu_Airport,Xiamen_Gaoqi_International_Airport isConnectedTo ?b
?a http://www.w3.org/1999/02/22-rdf-syntax-ns#type wikicat_Cities_in_Connecticut,?a isLocatedIn New_York_metropolitan_area
?a http://www.w3.org/1999/02/22-rdf-syntax-ns#type wikicat_People_from_Brighton_Beach,?a http://www.w3.org/1999/02/22-rdf-syntax-ns#type wikicat_People_from_New_York_City
Nanning_Wuxu_International_Airport isConnectedTo ?b,Hangzhou_Xiaoshan_International_Airport isConnectedTo ?b
?a actedIn Booby_Dupes,?a actedIn Yes
?a http://www.w3.org/1999/02/22-rdf-syntax-ns#type wikicat_Cities_in_the_New_York_metropolitan_area,?a isLocatedIn New_York_metropolitan_area
Macau_International_Airport isConnectedTo ?b,Xi'an_Xianyang_International_Airport isConnectedTo ?b
?a isConnectedTo Petropavlovsk-Kamchatsky_Airport,?a isConnectedTo Yemelyanovo_International_Airport
?b isConnectedTo Hulunbuir_Hailar_Airport,Xiamen_Gaoqi_International_Airport isConnectedTo ?b
?b isConnectedTo Sunan_Shuofang_International_Airport,Zhengzhou_Xinzheng_International_Airport isConnectedTo ?b
Wanzhou_Wuqiao_Airport isConnectedTo ?b,Xiangyang_Liuji_Airport isConnectedTo ?b
Carlos_Xavier isAffiliatedTo ?b,Carlos_Xavier playsFor ?b
Linyi_Shubuling_Airport isConnectedTo ?b,Xi'an_Xianyang_International_Airport isConnectedTo ?b
Yinchuan_Hedong_International_Airport isConnectedTo ?a,?a isConnectedTo Jinan_Yaoqiang_International_Airport
?a http://www.w3.org/1999/02/22-rdf-syntax-ns#type wikicat_Universities_and_colleges_in_Monroe_County,?a http://www.w3.org/1999/02/22-rdf-syntax-ns#type wikicat_Private_universities_and_colleges_in_New_York_(state)
Haikou_Meilan_International_Airport isConnectedTo ?b,Xi'an_Xianyang_International_Airport isConnectedTo ?b
Fleury_Di_Nallo isAffiliatedTo ?b,Daniel_Xuereb isAffiliatedTo ?b
?a isConnectedTo Ganzhou_Huangjin_Airport,?a isConnectedTo Jinan_Yaoqiang_International_Airport
?b isConnectedTo Xining_Caojiabao_Airport,Hefei_Xinqiao_International_Airport isConnectedTo ?b
Yinchuan_Hedong_International_Airport isConnectedTo ?b,Hefei_Xinqiao_International_Airport isConnectedTo ?b
Lianyungang_Baitabu_Airport isConnectedTo ?b,Xiamen_Gaoqi_International_Airport isConnectedTo ?b
?a isAffiliatedTo ?c   ?c hasGender ?b,?a hasGender ?b
Sokol_Maliqi http://www.w3.org/1999/02/22-rdf-syntax-ns#type ?b,Granit_Xhaka http://www.w3.org/1999/02/22-rdf-syntax-ns#type ?b
?b isConnectedTo Jieyang_Chaoshan_International_Airport,Hangzhou_Xiaoshan_International_Airport isConnectedTo ?b
?a isConnectedTo Phnom_Penh_International_Airport,?a isConnectedTo Yangon_International_Airport
?b isConnectedTo Mudanjiang_Hailang_Airport,Zhengzhou_Xinzheng_International_Airport isConnectedTo ?b
Xhulian_Rrudho isAffiliatedTo ?b,Xhulian_Rrudho playsFor ?b
?b isConnectedTo Jiayuguan_Airport,Xi'an_Xianyang_International_Airport isConnectedTo ?b
Yibin_Caiba_Airport isConnectedTo ?a,?a isConnectedTo Yinchuan_Hedong_International_Airport
Achmad_Yani_International_Airport isConnectedTo ?a,?a isConnectedTo Achmad_Yani_International_Airport
Adirondack_Mountains isLocatedIn ?a,?a isLocatedIn Essex_County
Taulant_Xhaka isAffiliatedTo ?b,Granit_Xhaka isAffiliatedTo ?b
?b isConnectedTo Sanya_Phoenix_International_Airport,Xi'an_Xianyang_International_Airport isConnectedTo ?b
Dali_Airport isConnectedTo ?b,Hangzhou_Xiaoshan_International_Airport isConnectedTo ?b
?b isConnectedTo Jiamusi_Dongjiao_Airport,Hefei_Xinqiao_International_Airport isConnectedTo ?b
?a isConnectedTo Francisco_Sarabia_International_Airport,?a isConnectedTo Fresno_Yosemite_International_Airport
?b isConnectedTo Xishuangbanna_Gasa_Airport,Hangzhou_Xiaoshan_International_Airport isConnectedTo ?b
?b isConnectedTo Tianjin_Binhai_International_Airport,Xi'an_Xianyang_International_Airport isConnectedTo ?b
?b isConnectedTo Hangzhou_Xiaoshan_International_Airport,Hangzhou_Xiaoshan_International_Airport isConnectedTo ?b
Beihai_Fucheng_Airport isConnectedTo ?b,Xiamen_Gaoqi_International_Airport isConnectedTo ?b
Sehar_Fejzulahi http://www.w3.org/1999/02/22-rdf-syntax-ns#type ?b,Xherdan_Shaqiri http://www.w3.org/1999/02/22-rdf-syntax-ns#type ?b
?a playsFor Yugoslavia_national_football_team,?a isAffiliatedTo Yugoslavia_national_football_team
?a playsFor New_York_Giants_(soccer),?a isAffiliatedTo New_York_Giants_(soccer)
?a http://www.w3.org/1999/02/22-rdf-syntax-ns#type wikicat_States_and_territories_disestablished_in_1806,?a participatedIn Thirty_Years'_War
?a participatedIn Battle_of_Albert_(1916),?a participatedIn Fifth_Battle_of_Ypres
?b isConnectedTo Shenyang_Taoxian_International_Airport,Xiamen_Gaoqi_International_Airport isConnectedTo ?b
?a playsFor Yokohama_F._Marinos,?a isAffiliatedTo Yokohama_F._Marinos
Nanning_Wuxu_International_Airport isConnectedTo ?b,Xiamen_Gaoqi_International_Airport isConnectedTo ?b
?a isConnectedTo Tengchong_Tuofeng_Airport,?a isConnectedTo Jinan_Yaoqiang_International_Airport
?a isConnectedTo Zunyi_Xinzhou_Airport,?a isConnectedTo Yuncheng_Guangong_Airport
Yichang_Sanxia_Airport isConnectedTo ?b,Xi'an_Xianyang_International_Airport isConnectedTo ?b
?a http://www.w3.org/1999/02/22-rdf-syntax-ns#type wikicat_Universities_and_colleges_in_Manhattan,?a isLocatedIn New_York_City
?b isConnectedTo Ordos_Ejin_Horo_Airport,Zhengzhou_Xinzheng_International_Airport isConnectedTo ?b
Xi'an_Xianyang_International_Airport isConnectedTo ?b,Xiamen_Gaoqi_International_Airport isConnectedTo ?b
?a hasWonPrize George_Munger_Award,?a hasWonPrize Sporting_News_College_Football_Coach_of_the_Year
Orges_Shehi isAffiliatedTo ?b,Daniel_Xhafa isAffiliatedTo ?b
Marie_Maynard_Daly worksAt ?a,?a isLocatedIn New_York_City
Wang_Lung-wei http://www.w3.org/1999/02/22-rdf-syntax-ns#type ?b,Feng_Xiaogang http://www.w3.org/1999/02/22-rdf-syntax-ns#type ?b
?a playsFor Maccabi_Ironi_Bat_Yam_F.C.,?a isAffiliatedTo Maccabi_Ironi_Bat_Yam_F.C.
?a playsFor FC_Yerevan,?a playsFor FC_Ararat_Yerevan
?b isConnectedTo Yinchuan_Hedong_International_Airport,Xiamen_Gaoqi_International_Airport isConnectedTo ?b
?b isConnectedTo Hefei_Xinqiao_International_Airport,Xiamen_Gaoqi_International_Airport isConnectedTo ?b
Baotou_Erliban_Airport isConnectedTo ?a,?a isConnectedTo Yinchuan_Hedong_International_Airport
?a hasWonPrize Eddie_Robinson_Coach_of_the_Year,?a hasWonPrize Bobby_Dodd_Coach_of_the_Year_Award
?a http://www.w3.org/1999/02/22-rdf-syntax-ns#type wikicat_Member_states_of_Mercosur,?a participatedIn Battle_of_Yatay
?a http://www.w3.org/1999/02/22-rdf-syntax-ns#type wikicat_Atayal_people,?a playsFor National_Yilan_Senior_High_School
Lianyungang_Baitabu_Airport isConnectedTo ?b,Hangzhou_Xiaoshan_International_Airport isConnectedTo ?b
?a playsFor Western_New_York_Flash,?a isAffiliatedTo Western_New_York_Flash
?a http://www.w3.org/1999/02/22-rdf-syntax-ns#type wikicat_Yugoslav_male_film_actors,?a http://www.w3.org/1999/02/22-rdf-syntax-ns#type wikicat_Yugoslav_male_television_actors
Cleiton_Xavier isAffiliatedTo ?b,Cleiton_Xavier playsFor ?b
?a isConnectedTo Lanzhou_Zhongchuan_Airport,?a isConnectedTo Jinan_Yaoqiang_International_Airport
Ordos_Ejin_Horo_Airport isConnectedTo ?b,Xiamen_Gaoqi_International_Airport isConnectedTo ?b
?a isAffiliatedTo Yokohama_FC,?a playsFor Yokohama_FC
?b isConnectedTo Nantong_Xingdong_Airport,Xi'an_Xianyang_International_Airport isConnectedTo ?b
?a hasWonPrize Walter_Camp_Coach_of_the_Year_Award,?a hasWonPrize AFCA_Coach_of_the_Year
?b isConnectedTo Hefei_Xinqiao_International_Airport,Zhengzhou_Xinzheng_International_Airport isConnectedTo ?b
?b isConnectedTo Xilinhot_Airport,Xi'an_Xianyang_International_Airport isConnectedTo ?b
Yulin_Yuyang_Airport isConnectedTo ?b,Zhengzhou_Xinzheng_International_Airport isConnectedTo ?b
Yantai_Laishan_International_Airport isConnectedTo ?b,Zhengzhou_Xinzheng_International_Airport isConnectedTo ?b
?a isConnectedTo Yuncheng_Guangong_Airport,?a isConnectedTo Yantai_Laishan_International_Airport
?a playsFor Matsumoto_Yamaga_FC,?a isAffiliatedTo Matsumoto_Yamaga_FC
?b isConnectedTo Chongqing_Jiangbei_International_Airport,Xiamen_Gaoqi_International_Airport isConnectedTo ?b
?a playsFor New_York_Arrows,?a isAffiliatedTo New_York_Arrows
?a actedIn Horses'_Collars,?a actedIn The_Yoke's_on_Me
?b isConnectedTo Mianyang_Nanjiao_Airport,Zhengzhou_Xinzheng_International_Airport isConnectedTo ?b
?a isAffiliatedTo Yimpa?_Yozgatspor,?a playsFor Yimpa?_Yozgatspor
Albert_Bunjaku http://www.w3.org/1999/02/22-rdf-syntax-ns#type ?b,Taulant_Xhaka http://www.w3.org/1999/02/22-rdf-syntax-ns#type ?b
?a isConnectedTo Yiwu_Airport,?a isConnectedTo Yinchuan_Hedong_International_Airport
?a isConnectedTo Iskandar_Airport,?a isConnectedTo Achmad_Yani_International_Airport
Arthur_Compton http://www.w3.org/1999/02/22-rdf-syntax-ns#type ?b,Qian_Xuesen http://www.w3.org/1999/02/22-rdf-syntax-ns#type ?b
Southern_University http://www.w3.org/1999/02/22-rdf-syntax-ns#type ?b,Xavier_University_of_Louisiana http://www.w3.org/1999/02/22-rdf-syntax-ns#type ?b
Xin_Feng isAffiliatedTo ?b,Xin_Feng playsFor ?b
?b isConnectedTo Mianyang_Nanjiao_Airport,Hangzhou_Xiaoshan_International_Airport isConnectedTo ?b
?b isConnectedTo Lanzhou_Zhongchuan_Airport,Hangzhou_Xiaoshan_International_Airport isConnectedTo ?b
?b isConnectedTo Xuzhou_Guanyin_Airport,Xi'an_Xianyang_International_Airport isConnectedTo ?b
?a isConnectedTo Tongliao_Airport,?a isConnectedTo Yinchuan_Hedong_International_Airport
?a playsFor Yimpa?_Yozgatspor,?a isAffiliatedTo Yimpa?_Yozgatspor
?b isConnectedTo Quanzhou_Jinjiang_Airport,Xi'an_Xianyang_International_Airport isConnectedTo ?b
Qinhuangdao_Shanhaiguan_Airport isConnectedTo ?a,?a isConnectedTo Jinan_Yaoqiang_International_Airport
Xuzhou_Guanyin_Airport isConnectedTo ?b,Xiamen_Gaoqi_International_Airport isConnectedTo ?b
?a playsFor ASFA_Yennenga,?a isAffiliatedTo ASFA_Yennenga
?a isAffiliatedTo SK_Jugoslavija,?a playsFor Yugoslavia_national_football_team
?a hasWonPrize Bobby_Dodd_Coach_of_the_Year_Award,?a hasWonPrize Eddie_Robinson_Coach_of_the_Year
?b isConnectedTo Yulin_Yuyang_Airport,Xi'an_Xianyang_International_Airport isConnectedTo ?b
Manuel_II_Palaiologos http://www.w3.org/1999/02/22-rdf-syntax-ns#type ?b,Constantine_XI_Palaiologos http://www.w3.org/1999/02/22-rdf-syntax-ns#type ?b
?a playsFor Changchun_Yatai_F.C.,?a isAffiliatedTo Changchun_Yatai_F.C.
Guiyang_Longdongbao_International_Airport isConnectedTo ?b,Zhengzhou_Xinzheng_International_Airport isConnectedTo ?b
Chris_Young_(actor) http://www.w3.org/1999/02/22-rdf-syntax-ns#type ?b,Xander_Berkeley http://www.w3.org/1999/02/22-rdf-syntax-ns#type ?b
Abel_Xavier isAffiliatedTo ?b,Abel_Xavier playsFor ?b
?b isConnectedTo Nanjing_Lukou_International_Airport,Xiamen_Gaoqi_International_Airport isConnectedTo ?b
?a playsFor Courts_Young_Lions,?a isAffiliatedTo Courts_Young_Lions
?a actedIn A_Gem_of_a_Jam,?a actedIn You_Nazty_Spy!
?a isConnectedTo Ulan-Ude_Airport,?a isConnectedTo Yakutsk_Airport
Xisco_Nadal isAffiliatedTo ?b,Xisco_Nadal playsFor ?b
Lhasa_Gonggar_Airport isConnectedTo ?a,?a isConnectedTo Yinchuan_Hedong_International_Airport
?a isConnectedTo Wuhai_Airport,?a isConnectedTo Jinan_Yaoqiang_International_Airport
Daegu_International_Airport isConnectedTo ?b,Zhengzhou_Xinzheng_International_Airport isConnectedTo ?b
?b isConnectedTo Taiyuan_Wusu_International_Airport,Zhengzhou_Xinzheng_International_Airport isConnectedTo ?b
?a actedIn Flat_Foot_Stooges,?a actedIn You_Nazty_Spy!
Yinchuan_Hedong_International_Airport isConnectedTo ?a,?a isConnectedTo Yinchuan_Hedong_International_Airport
?a isAffiliatedTo Courts_Young_Lions,?a playsFor Courts_Young_Lions
?a hasWonPrize George_Munger_Award,?a hasWonPrize Bobby_Dodd_Coach_of_the_Year_Award
?b isConnectedTo Lhasa_Gonggar_Airport,Hangzhou_Xiaoshan_International_Airport isConnectedTo ?b
Charles_XI_of_Sweden http://www.w3.org/1999/02/22-rdf-syntax-ns#type ?b,Charles_IX_of_Sweden http://www.w3.org/1999/02/22-rdf-syntax-ns#type ?b
?a isAffiliatedTo Yverdon-Sport_FC,?a playsFor Yverdon-Sport_FC
Ningbo_Lishe_International_Airport isConnectedTo ?b,Hefei_Xinqiao_International_Airport isConnectedTo ?b
Marcos_Ferreira_Xavier isAffiliatedTo ?b,Marcos_Ferreira_Xavier playsFor ?b
Yuncheng_Guangong_Airport isConnectedTo ?b,Zhengzhou_Xinzheng_International_Airport isConnectedTo ?b
Sampit_Airport isConnectedTo ?a,?a isConnectedTo Achmad_Yani_International_Airport
Shenyang_Taoxian_International_Airport isConnectedTo ?b,Xi'an_Xianyang_International_Airport isConnectedTo ?b
?a isConnectedTo Changzhou_Benniu_Airport,?a isConnectedTo Yinchuan_Hedong_International_Airport
?a actedIn Duck_Soup_(1933_film),?a http://www.w3.org/1999/02/22-rdf-syntax-ns#type wikicat_Male_actors_from_New_York_City
?a isConnectedTo Kadala_Airport,?a isConnectedTo Yemelyanovo_International_Airport
?a playsFor SK_Jedinstvo_Beograd,?a isAffiliatedTo Yugoslavia_national_football_team
Jiayuguan_Airport isConnectedTo ?b,Hangzhou_Xiaoshan_International_Airport isConnectedTo ?b
?a hasChild ?c   ?c isPoliticianOf ?b,?a isPoliticianOf ?b
Louise_of_Hesse-Kassel hasChild ?b,Christian_IX_of_Denmark hasChild ?b
?a isConnectedTo Xishuangbanna_Gasa_Airport,?a isConnectedTo Jinan_Yaoqiang_International_Airport
?b isConnectedTo Shenyang_Taoxian_International_Airport,Xi'an_Xianyang_International_Airport isConnectedTo ?b
Yantai_Laishan_International_Airport isConnectedTo ?a,?a isConnectedTo Jinan_Yaoqiang_International_Airport
?a playsFor Shijiazhuang_Yongchang_F.C.,?a isAffiliatedTo Shijiazhuang_Yongchang_F.C.
?b isConnectedTo Taiyuan_Wusu_International_Airport,Hangzhou_Xiaoshan_International_Airport isConnectedTo ?b
Yinchuan_Hedong_International_Airport isConnectedTo ?b,Xi'an_Xianyang_International_Airport isConnectedTo ?b
Zhuhai_Jinwan_Airport isConnectedTo ?b,Xi'an_Xianyang_International_Airport isConnectedTo ?b
South_Yemen participatedIn ?a,?a happenedIn South_Yemen
Jinan_Yaoqiang_International_Airport isConnectedTo ?b,Xi'an_Xianyang_International_Airport isConnectedTo ?b
?b isConnectedTo Ordos_Ejin_Horo_Airport,Hangzhou_Xiaoshan_International_Airport isConnectedTo ?b
Dritan_Babamusta isAffiliatedTo ?b,Parid_Xhihani playsFor ?b
?a playsFor Ypiranga_Futebol_Clube,?a isAffiliatedTo Ypiranga_Futebol_Clube
?a participatedIn Race_to_the_Sea,?a participatedIn Fifth_Battle_of_Ypres
?b isConnectedTo Ningbo_Lishe_International_Airport,Zhengzhou_Xinzheng_International_Airport isConnectedTo ?b
Petropavlovsk-Kamchatsky_Airport isConnectedTo ?a,?a isConnectedTo Yakutsk_Airport
Sonny_Bono http://www.w3.org/1999/02/22-rdf-syntax-ns#type ?b,Xander_Berkeley http://www.w3.org/1999/02/22-rdf-syntax-ns#type ?b
Luzhou_Lantian_Airport isConnectedTo ?b,Zhengzhou_Xinzheng_International_Airport isConnectedTo ?b
Xingyi_Wanfenglin_Airport isConnectedTo ?b,Xining_Caojiabao_Airport isConnectedTo ?b
Quanzhou_Jinjiang_Airport isConnectedTo ?b,Zhengzhou_Xinzheng_International_Airport isConnectedTo ?b
Hohhot_Baita_International_Airport isConnectedTo ?b,Xi'an_Xianyang_International_Airport isConnectedTo ?b
Martha_Plimpton http://www.w3.org/1999/02/22-rdf-syntax-ns#type ?b,Xander_Berkeley http://www.w3.org/1999/02/22-rdf-syntax-ns#type ?b
Baotou_Erliban_Airport isConnectedTo ?b,Xiamen_Gaoqi_International_Airport isConnectedTo ?b
Sanya_Phoenix_International_Airport isConnectedTo ?b,Xi'an_Xianyang_International_Airport isConnectedTo ?b
?b isConnectedTo Yantai_Laishan_International_Airport,Zhengzhou_Xinzheng_International_Airport isConnectedTo ?b
?a isConnectedTo Jieyang_Chaoshan_International_Airport,?a isConnectedTo Yinchuan_Hedong_International_Airport
?a actedIn Saturday_Morning_(1922_film),?a actedIn Young_Sherlocks
Jinan_Yaoqiang_International_Airport isConnectedTo ?b,Hangzhou_Xiaoshan_International_Airport isConnectedTo ?b
Xilinhot_Airport isConnectedTo ?b,Xi'an_Xianyang_International_Airport isConnectedTo ?b
Tan_Dun http://www.w3.org/1999/02/22-rdf-syntax-ns#type ?b,Feng_Xiaoting http://www.w3.org/1999/02/22-rdf-syntax-ns#type ?b
?b isConnectedTo Huangshan_Tunxi_International_Airport,Xuzhou_Guanyin_Airport isConnectedTo ?b
?b isConnectedTo Hefei_Xinqiao_International_Airport,Hangzhou_Xiaoshan_International_Airport isConnectedTo ?b
?a playsFor Yanbian_Baekdu_Tigers_F.C.,?a isAffiliatedTo Yanbian_Baekdu_Tigers_F.C.
Quanzhou_Jinjiang_Airport isConnectedTo ?b,Xi'an_Xianyang_International_Airport isConnectedTo ?b
Sehar_Fejzulahi http://www.w3.org/1999/02/22-rdf-syntax-ns#type ?b,Granit_Xhaka http://www.w3.org/1999/02/22-rdf-syntax-ns#type ?b
?a actedIn American_Tragedy_(film),?a http://www.w3.org/1999/02/22-rdf-syntax-ns#type wikicat_Male_actors_from_New_York_City
?a actedIn What's_the_Matador?,?a actedIn You_Nazty_Spy!
Jeju_International_Airport isConnectedTo ?b,Xi'an_Xianyang_International_Airport isConnectedTo ?b
Hulunbuir_Hailar_Airport isConnectedTo ?b,Xi'an_Xianyang_International_Airport isConnectedTo ?b
?a isLocatedIn New_Haven_County,?a isLocatedIn New_York_metropolitan_area
Luzhou_Lantian_Airport isConnectedTo ?a,?a isConnectedTo Jinan_Yaoqiang_International_Airport
Ordos_Ejin_Horo_Airport isConnectedTo ?a,?a isConnectedTo Jinan_Yaoqiang_International_Airport
Shijiazhuang_Zhengding_International_Airport isConnectedTo ?b,Xiamen_Gaoqi_International_Airport isConnectedTo ?b
Mianyang_Nanjiao_Airport isConnectedTo ?b,Xining_Caojiabao_Airport isConnectedTo ?b
?a hasWonPrize AFCA_Coach_of_the_Year,?a hasWonPrize Sporting_News_College_Football_Coach_of_the_Year
?a wasBornIn White_Plains,?a http://www.w3.org/1999/02/22-rdf-syntax-ns#type wikicat_People_from_White_Plains
?a participatedIn Operation_Plunder,?a participatedIn NATO_bombing_of_Yugoslavia
?a playsFor YoungHeart_Manawatu,?a isAffiliatedTo YoungHeart_Manawatu
?b isConnectedTo Haikou_Meilan_International_Airport,Xiamen_Gaoqi_International_Airport isConnectedTo ?b
Xuzhou_Guanyin_Airport isConnectedTo ?b,Hangzhou_Xiaoshan_International_Airport isConnectedTo ?b
?a participatedIn Battle_of_Cambrai_(1917),?a participatedIn Fifth_Battle_of_Ypres
Yuncheng_Guangong_Airport isConnectedTo ?b,Xining_Caojiabao_Airport isConnectedTo ?b
Baotou_Erliban_Airport isConnectedTo ?a,?a isConnectedTo Jinan_Yaoqiang_International_Airport
Leland_Hobbs hasWonPrize ?b,Paul_X._Kelley hasWonPrize ?b
?a actedIn Three_Sappy_People,?a actedIn You_Nazty_Spy!
?b isConnectedTo Magong_Airport,Xiamen_Gaoqi_International_Airport isConnectedTo ?b
?b isConnectedTo Guiyang_Longdongbao_International_Airport,Zhengzhou_Xinzheng_International_Airport isConnectedTo ?b
?a isConnectedTo Guiyang_Longdongbao_International_Airport,?a isConnectedTo Yinchuan_Hedong_International_Airport
Ordos_Ejin_Horo_Airport isConnectedTo ?a,?a isConnectedTo Yinchuan_Hedong_International_Airport
?a wasBornIn Peekskill,?a http://www.w3.org/1999/02/22-rdf-syntax-ns#type wikicat_People_from_Peekskill
?a isConnectedTo Baotou_Erliban_Airport,?a isConnectedTo Yinchuan_Hedong_International_Airport
?a playsFor New_York_Power,?a isAffiliatedTo New_York_Power
Lanzhou_Zhongchuan_Airport isConnectedTo ?b,Hangzhou_Xiaoshan_International_Airport isConnectedTo ?b
?a hasAcademicAdvisor ?c   ?c hasGender ?b,?a hasGender ?b
Nanchong_Gaoping_Airport isConnectedTo ?b,Hangzhou_Xiaoshan_International_Airport isConnectedTo ?b
?a isAffiliatedTo FC_Yerevan,?a playsFor FC_Ararat_Yerevan
?a isConnectedTo Zhanjiang_Airport,?a isConnectedTo Yinchuan_Hedong_International_Airport
Steven_Hunter http://www.w3.org/1999/02/22-rdf-syntax-ns#type ?b,Xzibit http://www.w3.org/1999/02/22-rdf-syntax-ns#type ?b
Lorenzo_Berardinetti http://www.w3.org/1999/02/22-rdf-syntax-ns#type ?b,Davide_Xausa http://www.w3.org/1999/02/22-rdf-syntax-ns#type ?b
?a isConnectedTo Dali_Airport,?a isConnectedTo Yantai_Laishan_International_Airport
?a playsFor New_York_Centaurs,?a isAffiliatedTo New_York_Centaurs
Granit_Xhaka playsFor ?b,Taulant_Xhaka playsFor ?b
Haikou_Meilan_International_Airport isConnectedTo ?b,Hangzhou_Xiaoshan_International_Airport isConnectedTo ?b
?a isConnectedTo Nantong_Xingdong_Airport,?a isConnectedTo Jinan_Yaoqiang_International_Airport
?a isAffiliatedTo Hakoah_All-Stars,?a playsFor New_York_Giants_(soccer)
?a actedIn Casanova_Brown,?a wasBornIn New_York_City
?b isConnectedTo Baotou_Erliban_Airport,Xiamen_Gaoqi_International_Airport isConnectedTo ?b
Nevil_Dede isAffiliatedTo ?b,Daniel_Xhafa isAffiliatedTo ?b
?a http://www.w3.org/1999/02/22-rdf-syntax-ns#type wikicat_Films_produced_by_Menahem_Golan,?a http://www.w3.org/1999/02/22-rdf-syntax-ns#type wikicat_Films_produced_by_Yoram_Globus
Fuzhou_Changle_International_Airport isConnectedTo ?b,Zhengzhou_Xinzheng_International_Airport isConnectedTo ?b
?b isConnectedTo Clark_International_Airport,Hangzhou_Xiaoshan_International_Airport isConnectedTo ?b
?a playsFor BSC_Young_Boys,?a isAffiliatedTo BSC_Young_Boys
?a playsFor Yunnan_Hongta_F.C.,?a isAffiliatedTo Yunnan_Hongta_F.C.
?b isConnectedTo Nanjing_Lukou_International_Airport,Hangzhou_Xiaoshan_International_Airport isConnectedTo ?b
?b isConnectedTo Xilinhot_Airport,Zhengzhou_Xinzheng_International_Airport isConnectedTo ?b
Taiyuan_Wusu_International_Airport isConnectedTo ?b,Hefei_Xinqiao_International_Airport isConnectedTo ?b
?a isAffiliatedTo FC_Yerevan,?a isAffiliatedTo FC_Ararat_Yerevan
?b isConnectedTo Wuhan_Tianhe_International_Airport,Hangzhou_Xiaoshan_International_Airport isConnectedTo ?b
?a actedIn The_Taking_of_Pelham_One_Two_Three_(1974_film),?a wasBornIn New_York_City
?b isConnectedTo Tianjin_Binhai_International_Airport,Xiamen_Gaoqi_International_Airport isConnectedTo ?b
?b isConnectedTo Changsha_Huanghua_International_Airport,Xiamen_Gaoqi_International_Airport isConnectedTo ?b
Zhengzhou_Xinzheng_International_Airport isConnectedTo ?b,Xi'an_Xianyang_International_Airport isConnectedTo ?b
?a participatedIn Battle_of_Kloster_Kampen,?a participatedIn Seven_Years'_War
Kaohsiung_International_Airport isConnectedTo ?b,Xi'an_Xianyang_International_Airport isConnectedTo ?b
?b isConnectedTo Zhengzhou_Xinzheng_International_Airport,Hangzhou_Xiaoshan_International_Airport isConnectedTo ?b
?a isConnectedTo Zhanjiang_Airport,?a isConnectedTo Yantai_Laishan_International_Airport
Jining_Qufu_Airport isConnectedTo ?a,?a isConnectedTo Yinchuan_Hedong_International_Airport
?a http://www.w3.org/1999/02/22-rdf-syntax-ns#type wikicat_American_people_of_Malagasy_descent,?a http://www.w3.org/1999/02/22-rdf-syntax-ns#type wikicat_People_from_New_York_City
Taipei_Songshan_Airport isConnectedTo ?b,Zhengzhou_Xinzheng_International_Airport isConnectedTo ?b
?b isConnectedTo ?a,?a isConnectedTo ?b
?a isConnectedTo Nanyang_Jiangying_Airport,?a isConnectedTo Yichang_Sanxia_Airport
Huai'an_Lianshui_Airport isConnectedTo ?b,Hefei_Xinqiao_International_Airport isConnectedTo ?b
?b isConnectedTo Yibin_Caiba_Airport,Hefei_Xinqiao_International_Airport isConnectedTo ?b
?b isConnectedTo Changchun_Longjia_International_Airport,Hangzhou_Xiaoshan_International_Airport isConnectedTo ?b
Luoyang_Beijiao_Airport isConnectedTo ?b,Hefei_Xinqiao_International_Airport isConnectedTo ?b
?a isConnectedTo Huai'an_Lianshui_Airport,?a isConnectedTo Jinan_Yaoqiang_International_Airport
Jean-Louis_Gasset isAffiliatedTo ?b,Xavier_Gravelaine isAffiliatedTo ?b
?b isConnectedTo Hohhot_Baita_International_Airport,Xi'an_Xianyang_International_Airport isConnectedTo ?b
?b isConnectedTo Taiyuan_Wusu_International_Airport,Xiamen_Gaoqi_International_Airport isConnectedTo ?b
?a http://www.w3.org/1999/02/22-rdf-syntax-ns#type wikicat_People_from_Yangon,?a wasBornIn Yangon
?b isConnectedTo Nantong_Xingdong_Airport,Nantong_Xingdong_Airport isConnectedTo ?b
Xhevahir_Sukaj isAffiliatedTo ?b,Xhevahir_Sukaj playsFor ?b
Nanchang_Changbei_International_Airport isConnectedTo ?b,Xiamen_Gaoqi_International_Airport isConnectedTo ?b
Henry_VI_of_England hasChild ?a,?a http://www.w3.org/1999/02/22-rdf-syntax-ns#type wikicat_People_of_the_Hundred_Years'_War
?b isConnectedTo Changzhou_Benniu_Airport,Hangzhou_Xiaoshan_International_Airport isConnectedTo ?b
Ordos_Ejin_Horo_Airport isConnectedTo ?b,Xi'an_Xianyang_International_Airport isConnectedTo ?b
Dane_Cook http://www.w3.org/1999/02/22-rdf-syntax-ns#type ?b,Xander_Berkeley http://www.w3.org/1999/02/22-rdf-syntax-ns#type ?b
The_Madison_Square_Garden_Company owns ?a,?a isLocatedIn New_York_City
?b isConnectedTo Qingdao_Liuting_International_Airport,Xi'an_Xianyang_International_Airport isConnectedTo ?b
Changbaishan_Airport isConnectedTo ?b,Hangzhou_Xiaoshan_International_Airport isConnectedTo ?b
?a playsFor Yokohama_FC_Hong_Kong,?a isAffiliatedTo Yokohama_FC_Hong_Kong
Peter_Pace http://www.w3.org/1999/02/22-rdf-syntax-ns#type ?b,Xander_Berkeley http://www.w3.org/1999/02/22-rdf-syntax-ns#type ?b
?b isConnectedTo Jinan_Yaoqiang_International_Airport,Xiamen_Gaoqi_International_Airport isConnectedTo ?b
Corey_Yuen directed ?a,?a http://www.w3.org/1999/02/22-rdf-syntax-ns#type wikicat_Films_directed_by_Corey_Yuen
?b isConnectedTo Dali_Airport,Hangzhou_Xiaoshan_International_Airport isConnectedTo ?b
Anne_of_Austria hasChild ?b,Louis_XIII_of_France hasChild ?b
?b isConnectedTo Changchun_Longjia_International_Airport,Xi'an_Xianyang_International_Airport isConnectedTo ?b
?b isConnectedTo Shijiazhuang_Zhengding_International_Airport,Zhengzhou_Xinzheng_International_Airport isConnectedTo ?b
?a isConnectedTo Changde_Taohuayuan_Airport,?a isConnectedTo Yibin_Caiba_Airport
?b isConnectedTo Jeju_International_Airport,Xi'an_Xianyang_International_Airport isConnectedTo ?b
?a playsFor New_York_Cosmos_(2010),?a isAffiliatedTo New_York_Cosmos_(2010)
Louis_Koo actedIn ?a,?a http://www.w3.org/1999/02/22-rdf-syntax-ns#type wikicat_Films_with_screenplays_by_Yau_Nai-hoi
?b isConnectedTo Xishuangbanna_Gasa_Airport,Xiamen_Gaoqi_International_Airport isConnectedTo ?b
?a isConnectedTo Wanzhou_Wuqiao_Airport,?a isConnectedTo Yuncheng_Guangong_Airport
?a isConnectedTo Dazhou_Heshi_Airport,?a isConnectedTo Yichang_Sanxia_Airport
Nanjing_Lukou_International_Airport isConnectedTo ?b,Hangzhou_Xiaoshan_International_Airport isConnectedTo ?b
Tongliao_Airport isConnectedTo ?b,Hangzhou_Xiaoshan_International_Airport isConnectedTo ?b
Yuncheng_Guangong_Airport isConnectedTo ?a,?a isConnectedTo Yuncheng_Guangong_Airport
?a isConnectedTo Liuzhou_Bailian_Airport,?a isConnectedTo Yinchuan_Hedong_International_Airport
?b isConnectedTo Nanning_Wuxu_International_Airport,Zhengzhou_Xinzheng_International_Airport isConnectedTo ?b
?b isConnectedTo Kinmen_Airport,Hangzhou_Xiaoshan_International_Airport isConnectedTo ?b
Hohhot_Baita_International_Airport isConnectedTo ?b,Zhengzhou_Xinzheng_International_Airport isConnectedTo ?b
Zhengzhou_Xinzheng_International_Airport isConnectedTo ?b,Hangzhou_Xiaoshan_International_Airport isConnectedTo ?b
?a playsFor Maccabi_Yavne_F.C.,?a isAffiliatedTo Maccabi_Yavne_F.C.
?a playsFor Indiana_Flooring,?a isAffiliatedTo New_York_Nationals_(ASL)
?a isAffiliatedTo FC_Spartak_Yerevan,?a playsFor FC_Spartak_Yerevan
Yantai_Laishan_International_Airport isConnectedTo ?a,?a isConnectedTo Yantai_Laishan_International_Airport
?a isConnectedTo Mianyang_Nanjiao_Airport,?a isConnectedTo Yinchuan_Hedong_International_Airport
?b isConnectedTo Ningbo_Lishe_International_Airport,Xi'an_Xianyang_International_Airport isConnectedTo ?b
Andre_Dubus influences ?a,?a http://www.w3.org/1999/02/22-rdf-syntax-ns#type wikicat_The_New_Yorker_people
Nanchang_Changbei_International_Airport isConnectedTo ?a,?a isConnectedTo Yinchuan_Hedong_International_Airport
?a playsFor Yazd_Louleh_F.C.,?a isAffiliatedTo Yazd_Louleh_F.C.
Yiwu_Airport isConnectedTo ?a,?a isConnectedTo Yiwu_Airport
?b isConnectedTo Lhasa_Gonggar_Airport,Xi'an_Xianyang_International_Airport isConnectedTo ?b
Sanya_Phoenix_International_Airport isConnectedTo ?b,Zhengzhou_Xinzheng_International_Airport isConnectedTo ?b
?a isAffiliatedTo Hakoah_All-Stars,?a isAffiliatedTo New_York_Giants_(soccer)
?a happenedIn Ypres,?a isLocatedIn Ypres
?a isLocatedIn Litchfield_County,?a isLocatedIn New_York_metropolitan_area
?b isConnectedTo Haikou_Meilan_International_Airport,Hangzhou_Xiaoshan_International_Airport isConnectedTo ?b
Ningbo_Lishe_International_Airport isConnectedTo ?b,Xiamen_Gaoqi_International_Airport isConnectedTo ?b
?a http://www.w3.org/1999/02/22-rdf-syntax-ns#type wikicat_People_from_Langenthal,?a isAffiliatedTo BSC_Young_Boys
Zhoushan_Putuoshan_Airport isConnectedTo ?b,Hangzhou_Xiaoshan_International_Airport isConnectedTo ?b
?b isConnectedTo Guiyang_Longdongbao_International_Airport,Xiamen_Gaoqi_International_Airport isConnectedTo ?b
Erbim_Fagu isAffiliatedTo ?b,Daniel_Xhafa playsFor ?b
Linyi_Shubuling_Airport isConnectedTo ?b,Hefei_Xinqiao_International_Airport isConnectedTo ?b
Fuzhou_Changle_International_Airport isConnectedTo ?b,Hangzhou_Xiaoshan_International_Airport isConnectedTo ?b
Zhangjiajie_Hehua_Airport isConnectedTo ?a,?a isConnectedTo Yinchuan_Hedong_International_Airport
?b isConnectedTo Fuzhou_Changle_International_Airport,Zhengzhou_Xinzheng_International_Airport isConnectedTo ?b
?a playsFor FC_Martigny-Sports,?a isAffiliatedTo BSC_Young_Boys
Zhou_Enlai http://www.w3.org/1999/02/22-rdf-syntax-ns#type ?b,Deng_Xiaoping http://www.w3.org/1999/02/22-rdf-syntax-ns#type ?b
Handan_Airport isConnectedTo ?a,?a isConnectedTo Yinchuan_Hedong_International_Airport
Linyi_Shubuling_Airport isConnectedTo ?b,Zhengzhou_Xinzheng_International_Airport isConnectedTo ?b
?a isAffiliatedTo New_York_Red_Bulls,?a playsFor New_York_Red_Bulls
Taiyuan_Wusu_International_Airport isConnectedTo ?a,?a isConnectedTo Yinchuan_Hedong_International_Airport
?b isMarriedTo ?a,?a isMarriedTo ?b
?a isConnectedTo Taiyuan_Wusu_International_Airport,?a isConnectedTo Jinan_Yaoqiang_International_Airport
?b isConnectedTo Baotou_Erliban_Airport,Xining_Caojiabao_Airport isConnectedTo ?b
?a isAffiliatedTo Yonsei_University,?a playsFor Yonsei_University
?a isConnectedTo Guilin_Liangjiang_International_Airport,?a isConnectedTo Jinan_Yaoqiang_International_Airport
Grambling_State_University http://www.w3.org/1999/02/22-rdf-syntax-ns#type ?b,Xavier_University_of_Louisiana http://www.w3.org/1999/02/22-rdf-syntax-ns#type ?b
Alain_Geiger http://www.w3.org/1999/02/22-rdf-syntax-ns#type ?b,Xavier_Margairaz http://www.w3.org/1999/02/22-rdf-syntax-ns#type ?b
?a isConnectedTo Handan_Airport,?a isConnectedTo Yichun_Lindu_Airport
Christopher_Young wroteMusicFor ?a,?a http://www.w3.org/1999/02/22-rdf-syntax-ns#type wikicat_Films_scored_by_Christopher_Young
Kleve isLocatedIn ?b,Xanten isLocatedIn ?b
?a actedIn Saturday_Morning_(1922_film),?a actedIn Giants_vs._Yanks
Haikou_Meilan_International_Airport isConnectedTo ?b,Xiamen_Gaoqi_International_Airport isConnectedTo ?b
Nanning_Wuxu_International_Airport isConnectedTo ?b,Zhengzhou_Xinzheng_International_Airport isConnectedTo ?b
Feng_Xiaoting isAffiliatedTo ?b,Feng_Xiaoting playsFor ?b
Beihai_Fucheng_Airport isConnectedTo ?b,Zhengzhou_Xinzheng_International_Airport isConnectedTo ?b
?b isConnectedTo Xuzhou_Guanyin_Airport,Zhengzhou_Xinzheng_International_Airport isConnectedTo ?b
?b isConnectedTo Lanzhou_Zhongchuan_Airport,Zhengzhou_Xinzheng_International_Airport isConnectedTo ?b
Beihai_Fucheng_Airport isConnectedTo ?a,?a isConnectedTo Yinchuan_Hedong_International_Airport
?b isConnectedTo Jiayuguan_Airport,Zhengzhou_Xinzheng_International_Airport isConnectedTo ?b
Hefei_Xinqiao_International_Airport isConnectedTo ?a,?a isConnectedTo Jinan_Yaoqiang_International_Airport
?b isConnectedTo Beihai_Fucheng_Airport,Xi'an_Xianyang_International_Airport isConnectedTo ?b
?b isConnectedTo Kaohsiung_International_Airport,Xiamen_Gaoqi_International_Airport isConnectedTo ?b
?b isConnectedTo Wuhan_Tianhe_International_Airport,Xiamen_Gaoqi_International_Airport isConnectedTo ?b
Yiwu_Airport isConnectedTo ?b,Hangzhou_Xiaoshan_International_Airport isConnectedTo ?b
Xherdan_Shaqiri http://www.w3.org/1999/02/22-rdf-syntax-ns#type ?b,Taulant_Xhaka http://www.w3.org/1999/02/22-rdf-syntax-ns#type ?b
Yangzhou_Taizhou_Airport isConnectedTo ?a,?a isConnectedTo Yangzhou_Taizhou_Airport
Xiangyang_Liuji_Airport isConnectedTo ?a,?a isConnectedTo Yantai_Laishan_International_Airport
?a playsFor SK_Jugoslavija,?a isAffiliatedTo Yugoslavia_national_football_team
?a isConnectedTo Zhoushan_Putuoshan_Airport,?a isConnectedTo Yantai_Laishan_International_Airport
?b isConnectedTo Hefei_Xinqiao_International_Airport,Hefei_Xinqiao_International_Airport isConnectedTo ?b
?a isAffiliatedTo New_York_Giants_(soccer),?a playsFor New_York_Giants_(soccer)
Orges_Shehi playsFor ?b,Daniel_Xhafa playsFor ?b
?a isConnectedTo Anqing_Tianzhushan_Airport,?a isConnectedTo Yancheng_Nanyang_Airport
Chifeng_Yulong_Airport isConnectedTo ?b,Zhengzhou_Xinzheng_International_Airport isConnectedTo ?b
?b isConnectedTo Ordos_Ejin_Horo_Airport,Xi'an_Xianyang_International_Airport isConnectedTo ?b
Yangzhou_Taizhou_Airport isConnectedTo ?b,Hefei_Xinqiao_International_Airport isConnectedTo ?b
?a isConnectedTo Nanchong_Gaoping_Airport,?a isConnectedTo Yangzhou_Taizhou_Airport
?b isConnectedTo Beihai_Fucheng_Airport,Xiamen_Gaoqi_International_Airport isConnectedTo ?b
Daniel_Xhafa isAffiliatedTo ?b,Daniel_Xhafa playsFor ?b
?a isConnectedTo Hohhot_Baita_International_Airport,?a isConnectedTo Yinchuan_Hedong_International_Airport
Meixian_Airport isConnectedTo ?b,Xi'an_Xianyang_International_Airport isConnectedTo ?b
Yichang_Sanxia_Airport isConnectedTo ?a,?a isConnectedTo Yichang_Sanxia_Airport
?a actedIn Cookoo_Cavaliers,?a actedIn Yes
?a http://www.w3.org/1999/02/22-rdf-syntax-ns#type wikicat_Private_universities_and_colleges_in_New_York_City,?a isLocatedIn New_York_City
?a playsFor York_Region_Shooters,?a isAffiliatedTo York_Region_Shooters
?b isConnectedTo Sunan_Shuofang_International_Airport,Xiamen_Gaoqi_International_Airport isConnectedTo ?b
?b isConnectedTo Changzhou_Benniu_Airport,Xiamen_Gaoqi_International_Airport isConnectedTo ?b
?a isConnectedTo Nanchang_Changbei_International_Airport,?a isConnectedTo Jinan_Yaoqiang_International_Airport
Mark_I._Fox hasWonPrize ?b,Paul_X._Kelley hasWonPrize ?b
?b isConnectedTo Jiamusi_Dongjiao_Airport,Hangzhou_Xiaoshan_International_Airport isConnectedTo ?b
John_Francis_Dillon_(director) http://www.w3.org/1999/02/22-rdf-syntax-ns#type ?b,Xander_Berkeley http://www.w3.org/1999/02/22-rdf-syntax-ns#type ?b
?a isAffiliatedTo Bnei_Yehuda_Tel_Aviv_F.C.,?a playsFor Bnei_Yehuda_Tel_Aviv_F.C.
?b isConnectedTo Beijing_Nanyuan_Airport,Xi'an_Xianyang_International_Airport isConnectedTo ?b
?a isConnectedTo Jieyang_Chaoshan_International_Airport,?a isConnectedTo Jinan_Yaoqiang_International_Airport
Weihai_Dashuibo_Airport isConnectedTo ?a,?a isConnectedTo Yinchuan_Hedong_International_Airport
Changchun_Longjia_International_Airport isConnectedTo ?b,Hangzhou_Xiaoshan_International_Airport isConnectedTo ?b
?b isConnectedTo Shijiazhuang_Zhengding_International_Airport,Xiamen_Gaoqi_International_Airport isConnectedTo ?b
Qinhuangdao_Shanhaiguan_Airport isConnectedTo ?b,Zhengzhou_Xinzheng_International_Airport isConnectedTo ?b
Jonathan_Martins_Pereira http://www.w3.org/1999/02/22-rdf-syntax-ns#type ?b,Xavier_Tomas http://www.w3.org/1999/02/22-rdf-syntax-ns#type ?b
?a actedIn Simon_(1980_film),?a http://www.w3.org/1999/02/22-rdf-syntax-ns#type wikicat_Male_actors_from_New_York_City
?b isConnectedTo Yuncheng_Guangong_Airport,Zhengzhou_Xinzheng_International_Airport isConnectedTo ?b
?b isConnectedTo Xiamen_Gaoqi_International_Airport,Xiamen_Gaoqi_International_Airport isConnectedTo ?b
?a playsFor Bnei_Yehuda_Tel_Aviv_F.C.,?a isAffiliatedTo Bnei_Yehuda_Tel_Aviv_F.C.
Lhasa_Gonggar_Airport isConnectedTo ?b,Xi'an_Xianyang_International_Airport isConnectedTo ?b
Roscoe_Robinson hasWonPrize _Jr.,Paul_X._Kelley hasWonPrize ?b
Sunan_Shuofang_International_Airport isConnectedTo ?a,?a isConnectedTo Jinan_Yaoqiang_International_Airport
Xishuangbanna_Gasa_Airport isConnectedTo ?b,Hangzhou_Xiaoshan_International_Airport isConnectedTo ?b
Xie_Hui_(footballer) isAffiliatedTo ?b,Xie_Hui_(footballer) playsFor ?b
Carlos_Xavier playsFor ?b,Carlos_Xavier isAffiliatedTo ?b
?b isConnectedTo Xining_Caojiabao_Airport,Zhengzhou_Xinzheng_International_Airport isConnectedTo ?b
Baotou_Erliban_Airport isConnectedTo ?b,Hefei_Xinqiao_International_Airport isConnectedTo ?b
?a isConnectedTo Wenzhou_Longwan_International_Airport,?a isConnectedTo Yinchuan_Hedong_International_Airport
Yancheng_Nanyang_Airport isConnectedTo ?a,?a isConnectedTo Jinan_Yaoqiang_International_Airport
?a isLocatedIn Nassau_County,?a isLocatedIn Nassau_County
?b isConnectedTo Baotou_Erliban_Airport,Xi'an_Xianyang_International_Airport isConnectedTo ?b
?a isAffiliatedTo Montedio_Yamagata,?a playsFor Montedio_Yamagata
?a isConnectedTo Yantai_Laishan_International_Airport,?a isConnectedTo Jinan_Yaoqiang_International_Airport
?b isConnectedTo Yibin_Caiba_Airport,Hangzhou_Xiaoshan_International_Airport isConnectedTo ?b
?a isAffiliatedTo New_York_Hakoah,?a playsFor New_York_Hakoah
Xuzhou_Guanyin_Airport isConnectedTo ?a,?a isConnectedTo Yinchuan_Hedong_International_Airport
Tianjin_Binhai_International_Airport isConnectedTo ?b,Xi'an_Xianyang_International_Airport isConnectedTo ?b
Nanjing_Lukou_International_Airport isConnectedTo ?b,Xiamen_Gaoqi_International_Airport isConnectedTo ?b
Alfred_M._Gray hasWonPrize _Jr.,Paul_X._Kelley hasWonPrize ?b
?a isConnectedTo Lanzhou_Zhongchuan_Airport,?a isConnectedTo Yinchuan_Hedong_International_Airport
?a actedIn Madagascar_(2005_film),?a http://www.w3.org/1999/02/22-rdf-syntax-ns#type wikicat_Male_actors_from_New_York_City
Taiyuan_Wusu_International_Airport isConnectedTo ?b,Xiamen_Gaoqi_International_Airport isConnectedTo ?b
Changchun_Longjia_International_Airport isConnectedTo ?b,Xi'an_Xianyang_International_Airport isConnectedTo ?b
?b isConnectedTo Dazhou_Heshi_Airport,Hangzhou_Xiaoshan_International_Airport isConnectedTo ?b
Patrick_Fugit http://www.w3.org/1999/02/22-rdf-syntax-ns#type ?b,Xander_Berkeley http://www.w3.org/1999/02/22-rdf-syntax-ns#type ?b
?a playsFor New_York_Apollo,?a isAffiliatedTo New_York_Apollo
?a actedIn Fire_Fighters_(film),?a actedIn Giants_vs._Yanks
?a isConnectedTo Jinan_Yaoqiang_International_Airport,?a isConnectedTo Yinchuan_Hedong_International_Airport
?b isConnectedTo Nantong_Xingdong_Airport,Zhengzhou_Xinzheng_International_Airport isConnectedTo ?b
?a isPoliticianOf Yugoslavia,?a isAffiliatedTo League_of_Communists_of_Yugoslavia
?a http://www.w3.org/1999/02/22-rdf-syntax-ns#type wikicat_Male_actors_from_Buffalo,?a wasBornIn Buffalo
?b isConnectedTo Yinchuan_Hedong_International_Airport,Hangzhou_Xiaoshan_International_Airport isConnectedTo ?b
?a diedIn York,?a isAffiliatedTo York_City_F.C.
Jinggangshan_Airport isConnectedTo ?b,Xiangyang_Liuji_Airport isConnectedTo ?b
?a isConnectedTo Kashgar_Airport,?a isConnectedTo Yantai_Laishan_International_Airport
Ningbo_Lishe_International_Airport isConnectedTo ?b,Hangzhou_Xiaoshan_International_Airport isConnectedTo ?b
Kaohsiung_International_Airport isConnectedTo ?b,Xiamen_Gaoqi_International_Airport isConnectedTo ?b
?a playsFor Yate_Town_F.C.,?a isAffiliatedTo Yate_Town_F.C.
?b isConnectedTo Bijie_Feixiong_Airport,Xiangyang_Liuji_Airport isConnectedTo ?b
?a isConnectedTo Huangshan_Tunxi_International_Airport,?a isConnectedTo Yantai_Laishan_International_Airport
?a isConnectedTo Nanjing_Lukou_International_Airport,?a isConnectedTo Jinan_Yaoqiang_International_Airport
?a isConnectedTo Tengchong_Tuofeng_Airport,?a isConnectedTo Yichang_Sanxia_Airport
?a isAffiliatedTo Yoker_Athletic_F.C.,?a playsFor Yoker_Athletic_F.C.
?a isAffiliatedTo FC_Mostovik-Primorye_Ussuriysk,?a playsFor FC_Sakhalin_Yuzhno-Sakhalinsk
?b isConnectedTo Jinan_Yaoqiang_International_Airport,Xi'an_Xianyang_International_Airport isConnectedTo ?b
Xavier_Barrau isAffiliatedTo ?b,Xavier_Barrau playsFor ?b
?a actedIn Fire_Sale_(film),?a http://www.w3.org/1999/02/22-rdf-syntax-ns#type wikicat_Male_actors_from_New_York_City
?b isConnectedTo Lanzhou_Zhongchuan_Airport,Xi'an_Xianyang_International_Airport isConnectedTo ?b
John_Avalos http://www.w3.org/1999/02/22-rdf-syntax-ns#type ?b,Xavier_Becerra http://www.w3.org/1999/02/22-rdf-syntax-ns#type ?b
Changsha_Huanghua_International_Airport isConnectedTo ?b,Zhengzhou_Xinzheng_International_Airport isConnectedTo ?b
?a wasBornIn Ossining_(town,?a http://www.w3.org/1999/02/22-rdf-syntax-ns#type wikicat_People_from_Ossining
?a hasWonPrize Walter_Camp_Coach_of_the_Year_Award,?a hasWonPrize Bobby_Dodd_Coach_of_the_Year_Award
?b isConnectedTo Lianyungang_Baitabu_Airport,Xi'an_Xianyang_International_Airport isConnectedTo ?b
?a isConnectedTo Hami_Airport,?a isConnectedTo Yantai_Laishan_International_Airport
?b isConnectedTo Tongliao_Airport,Xi'an_Xianyang_International_Airport isConnectedTo ?b
?a created ?c   ?c hasGender ?b,?a hasGender ?b
Harbin_Taiping_International_Airport isConnectedTo ?b,Xiamen_Gaoqi_International_Airport isConnectedTo ?b
?a participatedIn Operation_Anaconda,?a participatedIn NATO_bombing_of_Yugoslavia
Dali_Airport isConnectedTo ?b,Xishuangbanna_Gasa_Airport isConnectedTo ?b
Tengchong_Tuofeng_Airport isConnectedTo ?b,Xishuangbanna_Gasa_Airport isConnectedTo ?b
?a isConnectedTo Changzhou_Benniu_Airport,?a isConnectedTo Jinan_Yaoqiang_International_Airport
?a actedIn Author!_Author!_(film),?a wasBornIn New_York_City
?a actedIn Role_Models,?a actedIn The_40-Year-Old_Virgin
?a playsFor Yugoslavia_national_under-20_football_team,?a isAffiliatedTo Yugoslavia_national_under-20_football_team
?a isConnectedTo Daqing_Sartu_Airport,?a isConnectedTo Yinchuan_Hedong_International_Airport
?a actedIn Small_Talk_(film),?a actedIn The_First_Seven_Years
Marco_Pascolo playsFor ?b,Xavier_Margairaz playsFor ?b
Sunan_Shuofang_International_Airport isConnectedTo ?b,Xiamen_Gaoqi_International_Airport isConnectedTo ?b
Nyingchi_Mainling_Airport isConnectedTo ?b,Xuzhou_Guanyin_Airport isConnectedTo ?b
Yinchuan_Hedong_International_Airport isConnectedTo ?b,Zhengzhou_Xinzheng_International_Airport isConnectedTo ?b
Dritan_Babamusta isAffiliatedTo ?b,Daniel_Xhafa playsFor ?b
?b isConnectedTo Ganzhou_Huangjin_Airport,Nantong_Xingdong_Airport isConnectedTo ?b
Lanzhou_Zhongchuan_Airport isConnectedTo ?a,?a isConnectedTo Yinchuan_Hedong_International_Airport
?a playsFor PSIM_Yogyakarta,?a isAffiliatedTo PSIM_Yogyakarta
?b isConnectedTo Fuzhou_Changle_International_Airport,Xiamen_Gaoqi_International_Airport isConnectedTo ?b
?a hasWonPrize Walter_Camp_Coach_of_the_Year_Award,?a hasWonPrize Eddie_Robinson_Coach_of_the_Year
?a playsFor Yee_Hope_FC,?a isAffiliatedTo Yee_Hope_FC
?a playsFor New_York_Soccer_Club,?a isAffiliatedTo New_York_Soccer_Club
?a isConnectedTo Lhasa_Gonggar_Airport,?a isConnectedTo Jinan_Yaoqiang_International_Airport
?b isConnectedTo Wenzhou_Longwan_International_Airport,Zhengzhou_Xinzheng_International_Airport isConnectedTo ?b
Changsha_Huanghua_International_Airport isConnectedTo ?b,Xi'an_Xianyang_International_Airport isConnectedTo ?b
?a actedIn Oily_to_Bed,?a actedIn You_Nazty_Spy!
Tim_Kaine http://www.w3.org/1999/02/22-rdf-syntax-ns#type ?b,Xander_Berkeley http://www.w3.org/1999/02/22-rdf-syntax-ns#type ?b
?b isConnectedTo Yichang_Sanxia_Airport,Hangzhou_Xiaoshan_International_Airport isConnectedTo ?b
?a playsFor Tarbiat_Yazd_F.C.,?a isAffiliatedTo Tarbiat_Yazd_F.C.
Shijiazhuang_Zhengding_International_Airport isConnectedTo ?a,?a isConnectedTo Yinchuan_Hedong_International_Airport
Changzhou_Benniu_Airport isConnectedTo ?b,Zhengzhou_Xinzheng_International_Airport isConnectedTo ?b
?a isConnectedTo Syamsudin_Noor_Airport,?a isConnectedTo Achmad_Yani_International_Airport
Ergys_Sorra playsFor ?b,Daniel_Xhafa playsFor ?b
?a playsFor Yuen_Long_District_SA,?a isAffiliatedTo Yuen_Long_District_SA
Hefei_Xinqiao_International_Airport isConnectedTo ?b,Xi'an_Xianyang_International_Airport isConnectedTo ?b
?a isAffiliatedTo SK_Jugoslavija,?a isAffiliatedTo Yugoslavia_national_football_team
Changzhou_Benniu_Airport isConnectedTo ?b,Hangzhou_Xiaoshan_International_Airport isConnectedTo ?b
Xavier_Roca_Mateo isAffiliatedTo ?b,Xavier_Roca_Mateo playsFor ?b
?a isConnectedTo Hefei_Xinqiao_International_Airport,?a isConnectedTo Yinchuan_Hedong_International_Airport
Hefei_Xinqiao_International_Airport isConnectedTo ?b,Xiamen_Gaoqi_International_Airport isConnectedTo ?b
Guilin_Liangjiang_International_Airport isConnectedTo ?b,Zhengzhou_Xinzheng_International_Airport isConnectedTo ?b
?a isAffiliatedTo New_York_Cosmos_(2010),?a playsFor New_York_Cosmos_(2010)
?b isConnectedTo Guiyang_Longdongbao_International_Airport,Hangzhou_Xiaoshan_International_Airport isConnectedTo ?b
Yulin_Yuyang_Airport isConnectedTo ?a,?a isConnectedTo Yulin_Yuyang_Airport
?a isConnectedTo Mandalay_International_Airport,?a isConnectedTo Yangon_International_Airport
?b isConnectedTo Ningbo_Lishe_International_Airport,Hangzhou_Xiaoshan_International_Airport isConnectedTo ?b
?a playsFor MYPA,?a isAffiliatedTo MYPA
?a isConnectedTo Ningbo_Lishe_International_Airport,?a isConnectedTo Yinchuan_Hedong_International_Airport
?a playsFor SUNY_Ulster,?a isAffiliatedTo SUNY_Ulster
Yanji_Chaoyangchuan_Airport isConnectedTo ?a,?a isConnectedTo Yantai_Laishan_International_Airport
Taizhou_Luqiao_Airport isConnectedTo ?b,Hangzhou_Xiaoshan_International_Airport isConnectedTo ?b
Xie_Yuxin isAffiliatedTo ?b,Xie_Yuxin playsFor ?b
Horn_Island_Airport isConnectedTo ?a,?a isConnectedTo Yam_Island_Airport
?a isConnectedTo Wuhai_Airport,?a isConnectedTo Yinchuan_Hedong_International_Airport
?a isConnectedTo Sunan_Shuofang_International_Airport,?a isConnectedTo Yinchuan_Hedong_International_Airport
Magong_Airport isConnectedTo ?b,Xiamen_Gaoqi_International_Airport isConnectedTo ?b
?a actedIn Pop_Goes_the_Easel,?a actedIn Yes
?a playsFor Harbin_Yiteng_F.C.,?a isAffiliatedTo Harbin_Yiteng_F.C.
Beihai_Fucheng_Airport isConnectedTo ?b,Xining_Caojiabao_Airport isConnectedTo ?b
?b isConnectedTo Xining_Caojiabao_Airport,Hangzhou_Xiaoshan_International_Airport isConnectedTo ?b
?a isConnectedTo Yichang_Sanxia_Airport,?a isConnectedTo Jinan_Yaoqiang_International_Airport
?a isAffiliatedTo Yavapai_College,?a playsFor Yavapai_College
Sam_Elliott http://www.w3.org/1999/02/22-rdf-syntax-ns#type ?b,Xander_Berkeley http://www.w3.org/1999/02/22-rdf-syntax-ns#type ?b
Lianyungang_Baitabu_Airport isConnectedTo ?a,?a isConnectedTo Yantai_Laishan_International_Airport
Guiyang_Longdongbao_International_Airport isConnectedTo ?b,Hangzhou_Xiaoshan_International_Airport isConnectedTo ?b
Jeju_International_Airport isConnectedTo ?b,Hangzhou_Xiaoshan_International_Airport isConnectedTo ?b
?a isAffiliatedTo Tanzania_national_football_team,?a isAffiliatedTo Young_Africans_S.C.
?a isLocatedIn Ulster_County,?a isLocatedIn New_York_metropolitan_area
?a playsFor New_York_Nationals_(ASL),?a isAffiliatedTo New_York_Nationals_(ASL)
?b isConnectedTo Yantai_Laishan_International_Airport,Xiamen_Gaoqi_International_Airport isConnectedTo ?b
Changchun_Longjia_International_Airport isConnectedTo ?b,Zhengzhou_Xinzheng_International_Airport isConnectedTo ?b
Fuyang_Xiguan_Airport isConnectedTo ?a,?a isConnectedTo Yantai_Laishan_International_Airport
?b isConnectedTo Nanchang_Changbei_International_Airport,Zhengzhou_Xinzheng_International_Airport isConnectedTo ?b
?b isConnectedTo Yangzhou_Taizhou_Airport,Xuzhou_Guanyin_Airport isConnectedTo ?b
?b isConnectedTo Taipei_Songshan_Airport,Xi'an_Xianyang_International_Airport isConnectedTo ?b
Changbaishan_Airport isConnectedTo ?a,?a isConnectedTo Yinchuan_Hedong_International_Airport
Nanning_Wuxu_International_Airport isConnectedTo ?b,Xi'an_Xianyang_International_Airport isConnectedTo ?b
Zhang_Xiaobin isAffiliatedTo ?b,Zhang_Xiaobin playsFor ?b
?a isConnectedTo Horn_Island_Airport,?a isConnectedTo Yam_Island_Airport
?a isConnectedTo Bijie_Feixiong_Airport,?a isConnectedTo Jinan_Yaoqiang_International_Airport
?a http://www.w3.org/1999/02/22-rdf-syntax-ns#type wikicat_People_from_Yonkers,?a wasBornIn Yonkers
Taiyuan_Wusu_International_Airport isConnectedTo ?b,Zhengzhou_Xinzheng_International_Airport isConnectedTo ?b
?b isConnectedTo Kaohsiung_International_Airport,Xi'an_Xianyang_International_Airport isConnectedTo ?b
?b isConnectedTo Jiuzhai_Huanglong_Airport,Xiangyang_Liuji_Airport isConnectedTo ?b
Mianyang_Nanjiao_Airport isConnectedTo ?b,Xi'an_Xianyang_International_Airport isConnectedTo ?b
?a influences ?c   ?c hasGender ?b,?a hasGender ?b
Mudanjiang_Hailang_Airport isConnectedTo ?a,?a isConnectedTo Yanji_Chaoyangchuan_Airport
Yantai_Laishan_International_Airport isConnectedTo ?b,Xi'an_Xianyang_International_Airport isConnectedTo ?b
?a playsFor FC_Yunit_Samara,?a isAffiliatedTo FC_Yunit_Samara
?a wasBornIn Yonkers,?a http://www.w3.org/1999/02/22-rdf-syntax-ns#type wikicat_People_from_Yonkers
Xiangyang_Liuji_Airport isConnectedTo ?a,?a isConnectedTo Yinchuan_Hedong_International_Airport
?b isConnectedTo Yiwu_Airport,Zhengzhou_Xinzheng_International_Airport isConnectedTo ?b
Luzhou_Lantian_Airport isConnectedTo ?b,Hefei_Xinqiao_International_Airport isConnectedTo ?b
?b isConnectedTo Yinchuan_Hedong_International_Airport,Zhengzhou_Xinzheng_International_Airport isConnectedTo ?b
?b isConnectedTo Changsha_Huanghua_International_Airport,Xi'an_Xianyang_International_Airport isConnectedTo ?b
Orges_Shehi isAffiliatedTo ?b,Daniel_Xhafa playsFor ?b
?a isConnectedTo Yichang_Sanxia_Airport,?a isConnectedTo Yinchuan_Hedong_International_Airport
Jinan_Yaoqiang_International_Airport isConnectedTo ?a,?a isConnectedTo Jinan_Yaoqiang_International_Airport
Sunan_Shuofang_International_Airport isConnectedTo ?b,Hefei_Xinqiao_International_Airport isConnectedTo ?b
Ymer_Xhaferi isAffiliatedTo ?b,Ymer_Xhaferi playsFor ?b
?a actedIn The_Champeen,?a actedIn Young_Sherlocks
Zhao_Xuri isAffiliatedTo ?b,Zhao_Xuri playsFor ?b
?a playsFor New_York_Red_Bulls,?a isAffiliatedTo New_York_Red_Bulls
?a isConnectedTo Weihai_Dashuibo_Airport,?a isConnectedTo Yinchuan_Hedong_International_Airport
Guilin_Liangjiang_International_Airport isConnectedTo ?b,Xiamen_Gaoqi_International_Airport isConnectedTo ?b
?b isConnectedTo Wuhan_Tianhe_International_Airport,Xi'an_Xianyang_International_Airport isConnectedTo ?b
Fuzhou_Changle_International_Airport isConnectedTo ?b,Xiamen_Gaoqi_International_Airport isConnectedTo ?b
Wang_Xuanhong isAffiliatedTo ?b,Wang_Xuanhong playsFor ?b
?b isConnectedTo Macau_International_Airport,Xi'an_Xianyang_International_Airport isConnectedTo ?b
?a playsFor Yonsei_University,?a isAffiliatedTo Yonsei_University
?b isConnectedTo Xuzhou_Guanyin_Airport,Xuzhou_Guanyin_Airport isConnectedTo ?b
Lhasa_Gonggar_Airport isConnectedTo ?b,Hangzhou_Xiaoshan_International_Airport isConnectedTo ?b
Xavier_Margairaz isAffiliatedTo ?b,Xavier_Margairaz playsFor ?b
?b isConnectedTo Jining_Qufu_Airport,Zhengzhou_Xinzheng_International_Airport isConnectedTo ?b
Yellowknife_Airport isConnectedTo ?a,?a isConnectedTo Yellowknife_Airport
?b isConnectedTo Nanchang_Changbei_International_Airport,Xi'an_Xianyang_International_Airport isConnectedTo ?b
?b isConnectedTo Linyi_Shubuling_Airport,Xining_Caojiabao_Airport isConnectedTo ?b
?a isConnectedTo Huangshan_Tunxi_International_Airport,?a isConnectedTo Yinchuan_Hedong_International_Airport
?b isConnectedTo Guilin_Liangjiang_International_Airport,Zhengzhou_Xinzheng_International_Airport isConnectedTo ?b
?a http://www.w3.org/1999/02/22-rdf-syntax-ns#type wikicat_Atayal_people,?a isAffiliatedTo National_Yilan_Senior_High_School
Huai'an_Lianshui_Airport isConnectedTo ?b,Xining_Caojiabao_Airport isConnectedTo ?b
?b isConnectedTo Guilin_Liangjiang_International_Airport,Hangzhou_Xiaoshan_International_Airport isConnectedTo ?b
?a playsFor Yoker_Athletic_F.C.,?a isAffiliatedTo Yoker_Athletic_F.C.
?a hasWonPrize Paul_%22Bear%22_Bryant_Award,?a hasWonPrize Sporting_News_College_Football_Coach_of_the_Year
?b isConnectedTo Harbin_Taiping_International_Airport,Xi'an_Xianyang_International_Airport isConnectedTo ?b
?a playsFor New_York_Express,?a isAffiliatedTo New_York_Express
Nanchang_Changbei_International_Airport isConnectedTo ?b,Xi'an_Xianyang_International_Airport isConnectedTo ?b
Dalian_Zhoushuizi_International_Airport isConnectedTo ?b,Xi'an_Xianyang_International_Airport isConnectedTo ?b
Zhanjiang_Airport isConnectedTo ?b,Hefei_Xinqiao_International_Airport isConnectedTo ?b
Yichang_Sanxia_Airport isConnectedTo ?b,Xiamen_Gaoqi_International_Airport isConnectedTo ?b
?a participatedIn War_of_Devolution,?a participatedIn Thirty_Years'_War
?b isConnectedTo Nanning_Wuxu_International_Airport,Xi'an_Xianyang_International_Airport isConnectedTo ?b
?a isAffiliatedTo AS_Yzeure,?a playsFor AS_Yzeure
Macau_International_Airport isConnectedTo ?b,Hangzhou_Xiaoshan_International_Airport isConnectedTo ?b
Jining_Qufu_Airport isConnectedTo ?b,Zhengzhou_Xinzheng_International_Airport isConnectedTo ?b
Nantong_Xingdong_Airport isConnectedTo ?b,Zhengzhou_Xinzheng_International_Airport isConnectedTo ?b
?a isConnectedTo Huai'an_Lianshui_Airport,?a isConnectedTo Yantai_Laishan_International_Airport
?a playsFor New_York_Soccer_Club,?a isAffiliatedTo New_York_Giants_(soccer)
?a http://www.w3.org/1999/02/22-rdf-syntax-ns#type wikicat_People_from_Langenthal,?a playsFor BSC_Young_Boys
Beihai_Fucheng_Airport isConnectedTo ?b,Xi'an_Xianyang_International_Airport isConnectedTo ?b
Phnom_Penh_International_Airport isConnectedTo ?b,Hangzhou_Xiaoshan_International_Airport isConnectedTo ?b
Guiyang_Longdongbao_International_Airport isConnectedTo ?b,Xi'an_Xianyang_International_Airport isConnectedTo ?b
?a isAffiliatedTo SK_Jedinstvo_Beograd,?a isAffiliatedTo Yugoslavia_national_football_team
Xiamen_Gaoqi_International_Airport isConnectedTo ?b,Xi'an_Xianyang_International_Airport isConnectedTo ?b
?a playsFor FC_Yugra_Nizhnevartovsk,?a isAffiliatedTo FC_Yugra_Nizhnevartovsk
Sanya_Phoenix_International_Airport isConnectedTo ?b,Xiamen_Gaoqi_International_Airport isConnectedTo ?b
Anqing_Tianzhushan_Airport isConnectedTo ?b,Hefei_Xinqiao_International_Airport isConnectedTo ?b
?b isConnectedTo Changchun_Longjia_International_Airport,Xiamen_Gaoqi_International_Airport isConnectedTo ?b
Tianjin_Binhai_International_Airport isConnectedTo ?b,Hangzhou_Xiaoshan_International_Airport isConnectedTo ?b
?a isAffiliatedTo Changchun_Yatai_F.C.,?a playsFor Changchun_Yatai_F.C.
?a playsFor Sociedade_Esportiva_Ypiranga_Futebol_Clube,?a isAffiliatedTo Sociedade_Esportiva_Ypiranga_Futebol_Clube
Chifeng_Yulong_Airport isConnectedTo ?b,Xi'an_Xianyang_International_Airport isConnectedTo ?b
Jiayuguan_Airport isConnectedTo ?b,Xining_Caojiabao_Airport isConnectedTo ?b
Lanzhou_Zhongchuan_Airport isConnectedTo ?a,?a isConnectedTo Jinan_Yaoqiang_International_Airport
Xiangyang_Liuji_Airport isConnectedTo ?b,Xi'an_Xianyang_International_Airport isConnectedTo ?b
?a isAffiliatedTo Great_Yarmouth_Town_F.C.,?a playsFor Great_Yarmouth_Town_F.C.
Harbin_Taiping_International_Airport isConnectedTo ?b,Xi'an_Xianyang_International_Airport isConnectedTo ?b
Chifeng_Yulong_Airport isConnectedTo ?a,?a isConnectedTo Chifeng_Yulong_Airport
Lanzhou_Zhongchuan_Airport isConnectedTo ?b,Xiamen_Gaoqi_International_Airport isConnectedTo ?b
?a isAffiliatedTo SV_Ye?ilyurt,?a playsFor SV_Ye?ilyurt
?b isConnectedTo Kinmen_Airport,Zhengzhou_Xinzheng_International_Airport isConnectedTo ?b
?a isConnectedTo Fuzhou_Changle_International_Airport,?a isConnectedTo Yinchuan_Hedong_International_Airport
Yancheng_Nanyang_Airport isConnectedTo ?b,Hefei_Xinqiao_International_Airport isConnectedTo ?b
Qingdao_Liuting_International_Airport isConnectedTo ?b,Hangzhou_Xiaoshan_International_Airport isConnectedTo ?b
?a actedIn Young_Sherlocks,?a actedIn Giants_vs._Yanks
?b isConnectedTo Zhengzhou_Xinzheng_International_Airport,Xi'an_Xianyang_International_Airport isConnectedTo ?b
Nanchang_Changbei_International_Airport isConnectedTo ?b,Hangzhou_Xiaoshan_International_Airport isConnectedTo ?b
Jining_Qufu_Airport isConnectedTo ?b,Hefei_Xinqiao_International_Airport isConnectedTo ?b
?b isConnectedTo Huangshan_Tunxi_International_Airport,Xiamen_Gaoqi_International_Airport isConnectedTo ?b
?b isConnectedTo Xuzhou_Guanyin_Airport,Xiamen_Gaoqi_International_Airport isConnectedTo ?b
Jingdezhen_Luojia_Airport isConnectedTo ?b,Hangzhou_Xiaoshan_International_Airport isConnectedTo ?b
?a isAffiliatedTo Maccabi_Yavne_F.C.,?a playsFor Maccabi_Yavne_F.C.
?b isConnectedTo Ningbo_Lishe_International_Airport,Xiamen_Gaoqi_International_Airport isConnectedTo ?b
Hefei_Xinqiao_International_Airport isConnectedTo ?b,Hangzhou_Xiaoshan_International_Airport isConnectedTo ?b
Yiwu_Airport isConnectedTo ?b,Xiamen_Gaoqi_International_Airport isConnectedTo ?b
Jinan_Yaoqiang_International_Airport isConnectedTo ?b,Zhengzhou_Xinzheng_International_Airport isConnectedTo ?b
Baotou_Erliban_Airport isConnectedTo ?b,Xining_Caojiabao_Airport isConnectedTo ?b
?a actedIn A_Mighty_Wind,?a actedIn For_Your_Consideration_(film)
?a wasBornIn Gabrovo,?a isAffiliatedTo FC_Yantra
?a playsFor Yeovil_Town_F.C.,?a isAffiliatedTo Yeovil_Town_F.C.
?b isConnectedTo Nanchang_Changbei_International_Airport,Hefei_Xinqiao_International_Airport isConnectedTo ?b
Peter_Yates directed ?a,?a http://www.w3.org/1999/02/22-rdf-syntax-ns#type wikicat_Films_directed_by_Peter_Yates
?a isAffiliatedTo York_City_F.C.,?a playsFor York_City_F.C.
?a isAffiliatedTo Yokohama_F.C.,?a isAffiliatedTo Yokohama_FC
Shijiazhuang_Zhengding_International_Airport isConnectedTo ?b,Zhengzhou_Xinzheng_International_Airport isConnectedTo ?b
Saint-Jean-sur-Richelieu isLocatedIn ?b,Quartier_DIX30 isLocatedIn ?b
Huai'an_Lianshui_Airport isConnectedTo ?b,Xiamen_Gaoqi_International_Airport isConnectedTo ?b
Xining_Caojiabao_Airport isConnectedTo ?b,Zhengzhou_Xinzheng_International_Airport isConnectedTo ?b
?a hasWonPrize Eddie_Robinson_Coach_of_the_Year,?a hasWonPrize Sporting_News_College_Football_Coach_of_the_Year
Hefei_Xinqiao_International_Airport isConnectedTo ?b,Zhengzhou_Xinzheng_International_Airport isConnectedTo ?b
?a isConnectedTo Mirny_Airport,?a isConnectedTo Yemelyanovo_International_Airport
?a isAffiliatedTo BSC_Young_Boys,?a playsFor BSC_Young_Boys
Xining_Caojiabao_Airport isConnectedTo ?b,Hangzhou_Xiaoshan_International_Airport isConnectedTo ?b
?b isConnectedTo Mudanjiang_Hailang_Airport,Hangzhou_Xiaoshan_International_Airport isConnectedTo ?b
Clark_International_Airport isConnectedTo ?b,Hangzhou_Xiaoshan_International_Airport isConnectedTo ?b
?b isConnectedTo Hohhot_Baita_International_Airport,Hangzhou_Xiaoshan_International_Airport isConnectedTo ?b
Yichun_Lindu_Airport isConnectedTo ?a,?a isConnectedTo Yinchuan_Hedong_International_Airport
?a created Twentieth_Century_(film),?a diedIn New_York_City
?a wasBornIn Gabrovo,?a playsFor FC_Yantra
?a isConnectedTo Lianyungang_Baitabu_Airport,?a isConnectedTo Yinchuan_Hedong_International_Airport
Ningbo_Lishe_International_Airport isConnectedTo ?b,Zhengzhou_Xinzheng_International_Airport isConnectedTo ?b
?b isConnectedTo Kaohsiung_International_Airport,Hangzhou_Xiaoshan_International_Airport isConnectedTo ?b
Taulant_Xhaka playsFor ?b,Taulant_Xhaka isAffiliatedTo ?b
?a playsFor ?b,?a isAffiliatedTo ?b
?a isAffiliatedTo University_of_Virginia,?a isAffiliatedTo New_York_Red_Bulls
Daqing_Sartu_Airport isConnectedTo ?b,Xining_Caojiabao_Airport isConnectedTo ?b
Zhengzhou_Xinzheng_International_Airport isConnectedTo ?b,Xiamen_Gaoqi_International_Airport isConnectedTo ?b
?b isConnectedTo Zhengzhou_Xinzheng_International_Airport,Zhengzhou_Xinzheng_International_Airport isConnectedTo ?b
Beihai_Fucheng_Airport isConnectedTo ?b,Hangzhou_Xiaoshan_International_Airport isConnectedTo ?b
?a playsFor New_York_Cosmos,?a isAffiliatedTo New_York_Cosmos
Yibin_Caiba_Airport isConnectedTo ?b,Hefei_Xinqiao_International_Airport isConnectedTo ?b
?b isConnectedTo Qianjiang_Wulingshan_Airport,Xuzhou_Guanyin_Airport isConnectedTo ?b
?b isConnectedTo Yiwu_Airport,Hangzhou_Xiaoshan_International_Airport isConnectedTo ?b
?a isAffiliatedTo Tanzania_national_football_team,?a playsFor Young_Africans_S.C.
?b hasCapital ?a,?a isLocatedIn ?b
?a isConnectedTo Abakan_International_Airport,?a isConnectedTo Yemelyanovo_International_Airport
?a isConnectedTo Mudanjiang_Hailang_Airport,?a isConnectedTo Yantai_Laishan_International_Airport
?a isConnectedTo Changchun_Longjia_International_Airport,?a isConnectedTo Jinan_Yaoqiang_International_Airport
?a http://www.w3.org/1999/02/22-rdf-syntax-ns#type wikicat_Milkyway_Image_films,?a http://www.w3.org/1999/02/22-rdf-syntax-ns#type wikicat_Films_with_screenplays_by_Yau_Nai-hoi
Hohhot_Baita_International_Airport isConnectedTo ?b,Xiamen_Gaoqi_International_Airport isConnectedTo ?b
?a isConnectedTo Lhasa_Gonggar_Airport,?a isConnectedTo Yinchuan_Hedong_International_Airport
Victor_Young wroteMusicFor ?a,?a http://www.w3.org/1999/02/22-rdf-syntax-ns#type wikicat_Films_scored_by_Victor_Young
Tengchong_Tuofeng_Airport isConnectedTo ?b,Xiamen_Gaoqi_International_Airport isConnectedTo ?b
?b isConnectedTo Changchun_Longjia_International_Airport,Zhengzhou_Xinzheng_International_Airport isConnectedTo ?b
?a isAffiliatedTo LionsXII,?a playsFor Courts_Young_Lions
?b isConnectedTo Changzhou_Benniu_Airport,Hefei_Xinqiao_International_Airport isConnectedTo ?b
?a playsFor Yeading_F.C.,?a isAffiliatedTo Yeading_F.C.
?a isLocatedIn Fairfield_County,?a isLocatedIn New_York_metropolitan_area
Xherdan_Shaqiri playsFor ?b,Xherdan_Shaqiri isAffiliatedTo ?b
?a playsFor Beaconsfield_SYCOB_F.C.,?a isAffiliatedTo Beaconsfield_SYCOB_F.C.
Shenyang_Taoxian_International_Airport isConnectedTo ?b,Xiamen_Gaoqi_International_Airport isConnectedTo ?b
?a playsFor York_City_F.C.,?a isAffiliatedTo York_City_F.C.
?a isConnectedTo Yantai_Laishan_International_Airport,?a isConnectedTo Yinchuan_Hedong_International_Airport
Yiwu_Airport isConnectedTo ?a,?a isConnectedTo Jinan_Yaoqiang_International_Airport
Donald_Hodge_(basketball) playsFor ?b,Zhao_Xuri isAffiliatedTo ?b
Huai'an_Lianshui_Airport isConnectedTo ?b,Zhengzhou_Xinzheng_International_Airport isConnectedTo ?b
Beihai_Fucheng_Airport isConnectedTo ?b,Hefei_Xinqiao_International_Airport isConnectedTo ?b
?a isConnectedTo Tengchong_Tuofeng_Airport,?a isConnectedTo Yinchuan_Hedong_International_Airport
Ganzhou_Huangjin_Airport isConnectedTo ?b,Hangzhou_Xiaoshan_International_Airport isConnectedTo ?b
?a http://www.w3.org/1999/02/22-rdf-syntax-ns#type wikicat_Cities_in_Connecticut,?a http://www.w3.org/1999/02/22-rdf-syntax-ns#type wikicat_Cities_in_the_New_York_metropolitan_area
?b isConnectedTo Lanzhou_Zhongchuan_Airport,Xiamen_Gaoqi_International_Airport isConnectedTo ?b
Fuyang_Xiguan_Airport isConnectedTo ?b,Xining_Caojiabao_Airport isConnectedTo ?b
?b isConnectedTo Zunyi_Xinzhou_Airport,Zhengzhou_Xinzheng_International_Airport isConnectedTo ?b
Wuyishan_Airport isConnectedTo ?b,Hefei_Xinqiao_International_Airport isConnectedTo ?b
Yanji_Chaoyangchuan_Airport isConnectedTo ?a,?a isConnectedTo Yanji_Chaoyangchuan_Airport
Lhasa_Gonggar_Airport isConnectedTo ?b,Xining_Caojiabao_Airport isConnectedTo ?b
?a actedIn Carry_On_Cleo,?a actedIn Don't_Lose_Your_Head
Fuzhou_Changle_International_Airport isConnectedTo ?b,Xi'an_Xianyang_International_Airport isConnectedTo ?b
?a actedIn Matri-Phony,?a actedIn Mutts_to_You
?a isConnectedTo Shijiazhuang_Zhengding_International_Airport,?a isConnectedTo Yinchuan_Hedong_International_Airport
Dongying_Shengli_Airport isConnectedTo ?b,Xuzhou_Guanyin_Airport isConnectedTo ?b
Datong_Yungang_Airport isConnectedTo ?a,?a isConnectedTo Datong_Yungang_Airport
?b isConnectedTo Qingdao_Liuting_International_Airport,Hangzhou_Xiaoshan_International_Airport isConnectedTo ?b
Paulo_Fonseca http://www.w3.org/1999/02/22-rdf-syntax-ns#type ?b,Abel_Xavier http://www.w3.org/1999/02/22-rdf-syntax-ns#type ?b
Xabi_Alonso isAffiliatedTo ?b,Xabi_Alonso playsFor ?b
?a isConnectedTo Xingyi_Wanfenglin_Airport,?a isConnectedTo Jinan_Yaoqiang_International_Airport
?a playsFor FC_Yerevan,?a isAffiliatedTo FC_Ararat_Yerevan
?b isConnectedTo Zhengzhou_Xinzheng_International_Airport,Xiamen_Gaoqi_International_Airport isConnectedTo ?b
?a isConnectedTo Yuzhno-Sakhalinsk_Airport,?a isConnectedTo Yakutsk_Airport
?b isConnectedTo Guiyang_Longdongbao_International_Airport,Xi'an_Xianyang_International_Airport isConnectedTo ?b
?a actedIn Crime_School,?a wasBornIn New_York_City
?a isInterestedIn ?c   ?c hasGender ?b,?a hasGender ?b
